AllianceID,StateID,StartDate,EndDate,StartYear,StartMonth,StartDay,EndYear,EndMonth,EndDay
1,200,1816-01-01,,1816,1,1,,,
1,235,1816-01-01,,1816,1,1,,,
2,200,1816-01-01,1911-02-15,1816,1,1,1911.0,2.0,15.0
2,380,1816-01-01,1911-02-15,1816,1,1,1911.0,2.0,15.0
3,240,1838-01-01,1848-03-15,1838,1,1,1848.0,3.0,15.0
3,240,1850-11-29,1866-06-15,1850,11,29,1866.0,6.0,15.0
3,245,1816-01-01,1848-03-15,1816,1,1,1848.0,3.0,15.0
3,245,1850-11-29,1866-06-15,1850,11,29,1866.0,6.0,15.0
3,255,1816-01-01,1848-03-15,1816,1,1,1848.0,3.0,15.0
3,255,1850-11-29,1866-06-15,1850,11,29,1866.0,6.0,15.0
3,267,1816-01-01,1848-03-15,1816,1,1,1848.0,3.0,15.0
3,267,1850-11-29,1866-06-15,1850,11,29,1866.0,6.0,15.0
3,269,1816-01-01,1848-03-15,1816,1,1,1848.0,3.0,15.0
3,269,1850-11-29,1866-06-15,1850,11,29,1866.0,6.0,15.0
3,271,1816-01-01,1848-03-15,1816,1,1,1848.0,3.0,15.0
3,271,1850-11-29,1866-06-15,1850,11,29,1866.0,6.0,15.0
3,273,1816-01-01,1848-03-15,1816,1,1,1848.0,3.0,15.0
3,273,1850-11-29,1866-06-15,1850,11,29,1866.0,6.0,15.0
3,275,1816-01-01,1848-03-15,1816,1,1,1848.0,3.0,15.0
3,275,1850-11-29,1866-06-15,1850,11,29,1866.0,6.0,15.0
3,280,1843-01-01,1848-03-15,1843,1,1,1848.0,3.0,15.0
3,280,1850-11-29,1866-06-15,1850,11,29,1866.0,6.0,15.0
3,300,1816-01-01,1848-03-15,1816,1,1,1848.0,3.0,15.0
3,300,1850-11-29,1866-06-15,1850,11,29,1866.0,6.0,15.0
4,300,1816-01-01,1820-07-13,1816,1,1,1820.0,7.0,13.0
4,329,1816-01-01,1820-07-13,1816,1,1,1820.0,7.0,13.0
5,300,1816-01-01,1848-03-29,1816,1,1,1848.0,3.0,29.0
5,337,1816-01-01,1848-03-29,1816,1,1,1848.0,3.0,29.0
6,200,1816-01-01,1822-10-31,1816,1,1,1822.0,10.0,31.0
6,255,1816-01-01,1822-10-31,1816,1,1,1822.0,10.0,31.0
6,300,1816-01-01,1822-10-31,1816,1,1,1822.0,10.0,31.0
6,365,1816-01-01,1822-10-31,1816,1,1,1822.0,10.0,31.0
7,210,1816-08-10,1820-03-15,1816,8,10,1820.0,3.0,15.0
7,230,1816-08-10,1820-03-15,1816,8,10,1820.0,3.0,15.0
8,200,1827-07-06,1829-09-14,1827,7,6,1829.0,9.0,14.0
8,220,1827-07-06,1829-09-14,1827,7,6,1829.0,9.0,14.0
8,365,1827-07-06,1829-09-14,1827,7,6,1829.0,9.0,14.0
9,300,1831-07-23,1848-03-24,1831,7,23,1848.0,3.0,24.0
9,325,1831-07-23,1848-03-24,1831,7,23,1848.0,3.0,24.0
10,200,1832-10-22,1833-05-21,1832,10,22,1833.0,5.0,21.0
10,220,1832-10-22,1833-05-21,1832,10,22,1833.0,5.0,21.0
11,211,1832-11-10,1833-05-21,1832,11,10,1833.0,5.0,21.0
11,220,1832-11-10,1833-05-21,1832,11,10,1833.0,5.0,21.0
12,255,1833-03-09,1839-04-19,1833,3,9,1839.0,4.0,19.0
12,300,1833-03-09,1839-04-19,1833,3,9,1839.0,4.0,19.0
12,365,1833-03-09,1839-04-19,1833,3,9,1839.0,4.0,19.0
13,325,1833-03-28,1848-01-12,1833,3,28,1848.0,1.0,12.0
13,329,1833-03-28,1848-01-12,1833,3,28,1848.0,1.0,12.0
14,365,1833-07-08,1841-07-13,1833,7,8,1841.0,7.0,13.0
14,640,1833-07-08,1841-07-13,1833,7,8,1841.0,7.0,13.0
15,255,1833-10-15,1853-07-02,1833,10,15,1853.0,7.0,2.0
15,300,1833-09-18,1853-07-02,1833,9,18,1853.0,7.0,2.0
15,365,1833-09-18,1853-07-02,1833,9,18,1853.0,7.0,2.0
16,300,1833-09-19,1853-07-02,1833,9,19,1853.0,7.0,2.0
16,365,1833-09-19,1853-07-02,1833,9,19,1853.0,7.0,2.0
17,255,1833-10-15,1848-03-21,1833,10,15,1848.0,3.0,21.0
17,300,1833-10-15,1848-03-21,1833,10,15,1848.0,3.0,21.0
17,365,1833-10-15,1848-03-21,1833,10,15,1848.0,3.0,21.0
18,255,1833-10-16,1848-03-21,1833,10,16,1848.0,3.0,21.0
18,365,1833-10-16,1848-03-21,1833,10,16,1848.0,3.0,21.0
19,200,1834-04-22,1839-08-31,1834,4,22,1839.0,8.0,31.0
19,220,1834-04-22,1839-08-31,1834,4,22,1839.0,8.0,31.0
19,230,1834-04-22,1839-08-31,1834,4,22,1839.0,8.0,31.0
19,235,1834-04-22,1839-08-31,1834,4,22,1839.0,8.0,31.0
20,200,1840-07-15,1840-11-27,1840,7,15,1840.0,11.0,27.0
20,255,1840-07-15,1840-11-27,1840,7,15,1840.0,11.0,27.0
20,300,1840-07-15,1840-11-27,1840,7,15,1840.0,11.0,27.0
20,365,1840-07-15,1840-11-27,1840,7,15,1840.0,11.0,27.0
20,640,1840-07-15,1840-11-27,1840,7,15,1840.0,11.0,27.0
21,200,1844-05-22,1846-06-29,1844,5,22,1846.0,6.0,29.0
21,365,1844-05-22,1846-06-29,1844,5,22,1846.0,6.0,29.0
22,200,1847-05-21,1847-08-15,1847,5,21,1847.0,8.0,15.0
22,220,1847-05-21,1847-08-15,1847,5,21,1847.0,8.0,15.0
22,230,1847-05-21,1847-08-15,1847,5,21,1847.0,8.0,15.0
22,235,1847-05-21,1847-08-15,1847,5,21,1847.0,8.0,15.0
23,300,1847-12-24,1859-05-15,1847,12,24,1859.0,5.0,15.0
23,332,1847-12-24,1859-05-15,1847,12,24,1859.0,5.0,15.0
24,300,1851-01-01,1859-05-15,1851,1,1,1859.0,5.0,15.0
24,335,1851-01-01,1859-05-15,1851,1,1,1859.0,5.0,15.0
25,240,1849-05-26,1849-10-20,1849,5,26,1849.0,10.0,20.0
25,255,1849-05-26,1849-10-20,1849,5,26,1849.0,10.0,20.0
25,269,1849-05-26,1849-10-20,1849,5,26,1849.0,10.0,20.0
26,245,1850-10-12,1850-11-29,1850,10,12,1850.0,11.0,29.0
26,271,1850-10-12,1850-11-29,1850,10,12,1850.0,11.0,29.0
26,300,1850-10-12,1850-11-29,1850,10,12,1850.0,11.0,29.0
27,255,1851-05-16,1854-04-20,1851,5,16,1854.0,4.0,20.0
27,300,1851-05-16,1854-04-20,1851,5,16,1854.0,4.0,20.0
28,200,1854-03-12,1856-03-30,1854,3,12,1856.0,3.0,30.0
28,220,1854-03-12,1856-03-30,1854,3,12,1856.0,3.0,30.0
28,325,1855-03-15,1856-03-30,1855,3,15,1856.0,3.0,30.0
28,640,1854-03-12,1856-03-30,1854,3,12,1856.0,3.0,30.0
29,200,1854-04-10,1856-03-30,1854,4,10,1856.0,3.0,30.0
29,220,1854-04-10,1856-03-30,1854,4,10,1856.0,3.0,30.0
29,325,1855-01-26,1856-03-30,1855,1,26,1856.0,3.0,30.0
30,255,1854-04-20,1856-03-30,1854,4,20,1856.0,3.0,30.0
30,300,1854-04-20,1856-03-30,1854,4,20,1856.0,3.0,30.0
31,300,1854-06-14,1856-03-30,1854,6,14,1856.0,3.0,30.0
31,640,1854-06-14,1856-03-30,1854,6,14,1856.0,3.0,30.0
32,200,1854-12-02,1856-03-30,1854,12,2,1856.0,3.0,30.0
32,220,1854-12-02,1856-03-30,1854,12,2,1856.0,3.0,30.0
32,300,1854-12-02,1856-03-30,1854,12,2,1856.0,3.0,30.0
33,220,1854-12-22,1856-03-30,1854,12,22,1856.0,3.0,30.0
33,300,1854-12-22,1856-03-30,1854,12,22,1856.0,3.0,30.0
34,200,1855-11-21,1856-03-30,1855,11,21,1856.0,3.0,30.0
34,220,1855-11-21,1856-03-30,1855,11,21,1856.0,3.0,30.0
34,380,1855-11-21,1856-03-30,1855,11,21,1856.0,3.0,30.0
35,200,1856-04-15,1877-01-15,1856,4,15,1877.0,1.0,15.0
35,220,1856-04-15,1877-01-15,1856,4,15,1877.0,1.0,15.0
35,300,1856-04-15,1877-01-15,1856,4,15,1877.0,1.0,15.0
36,150,1856-07-29,1862-07-29,1856,7,29,1862.0,7.0,29.0
36,160,1856-07-29,1862-07-29,1856,7,29,1862.0,7.0,29.0
37,140,1859-01-02,1864-09-14,1859,1,2,1864.0,9.0,14.0
37,160,1859-01-02,1864-09-14,1859,1,2,1864.0,9.0,14.0
38,220,1859-01-19,1859-07-11,1859,1,19,1859.0,7.0,11.0
38,325,1859-01-19,1859-07-11,1859,1,19,1859.0,7.0,11.0
39,220,1859-03-03,1859-11-10,1859,3,3,1859.0,11.0,10.0
39,365,1859-03-03,1859-11-10,1859,3,3,1859.0,11.0,10.0
40,130,1860-01-26,1860-04-15,1860,1,26,1860.0,4.0,15.0
40,135,1860-01-26,1860-04-15,1860,1,26,1860.0,4.0,15.0
41,200,1861-10-31,1862-04-08,1861,10,31,1862.0,4.0,8.0
41,220,1861-10-31,1862-04-08,1861,10,31,1862.0,4.0,8.0
41,230,1861-10-31,1862-04-08,1861,10,31,1862.0,4.0,8.0
42,240,1862-02-02,1866-01-26,1862,2,2,1866.0,1.0,26.0
42,245,1862-02-02,1866-01-26,1862,2,2,1866.0,1.0,26.0
42,269,1862-02-02,1866-01-26,1862,2,2,1866.0,1.0,26.0
42,271,1862-01-29,1866-01-26,1862,1,29,1866.0,1.0,26.0
42,275,1862-02-02,1866-01-26,1862,2,2,1866.0,1.0,26.0
42,300,1862-01-29,1866-01-26,1862,1,29,1866.0,1.0,26.0
43,255,1863-02-08,1863-02-28,1863,2,8,1863.0,2.0,28.0
43,365,1863-02-08,1863-02-28,1863,2,8,1863.0,2.0,28.0
44,135,1863-11-05,1873-02-06,1863,11,5,1873.0,2.0,6.0
44,145,1863-11-05,1873-02-06,1863,11,5,1873.0,2.0,6.0
45,100,1864-01-01,1866-01-30,1864,1,1,1866.0,1.0,30.0
45,130,1864-01-01,1866-01-30,1864,1,1,1866.0,1.0,30.0
46,255,1864-01-16,1866-06-06,1864,1,16,1866.0,6.0,6.0
46,300,1864-01-16,1866-06-06,1864,1,16,1866.0,6.0,6.0
47,220,1864-09-15,1870-09-10,1864,9,15,1870.0,9.0,10.0
47,325,1864-09-15,1870-09-10,1864,9,15,1870.0,9.0,10.0
48,140,1865-05-01,1882-07-30,1865,5,1,1882.0,7.0,30.0
48,160,1865-05-01,1882-07-30,1865,5,1,1882.0,7.0,30.0
48,165,1882-01-01,1882-07-30,1882,1,1,1882.0,7.0,30.0
49,130,1866-01-30,1871-04-11,1866,1,30,1871.0,4.0,11.0
49,135,1865-12-05,1871-04-11,1865,12,5,1871.0,4.0,11.0
49,145,1866-04-11,1871-04-11,1866,4,11,1871.0,4.0,11.0
49,155,1865-12-05,1871-04-11,1865,12,5,1871.0,4.0,11.0
50,255,1866-04-08,1866-07-26,1866,4,8,1866.0,7.0,26.0
50,325,1866-04-08,1866-07-26,1866,4,8,1866.0,7.0,26.0
51,220,1866-06-12,1866-08-23,1866,6,12,1866.0,8.0,23.0
51,300,1866-06-12,1866-08-23,1866,6,12,1866.0,8.0,23.0
52,255,1866-08-13,1870-11-25,1866,8,13,1870.0,11.0,25.0
52,271,1866-08-13,1870-11-25,1866,8,13,1870.0,11.0,25.0
53,255,1866-08-17,1870-01-03,1866,8,17,1870.0,1.0,3.0
53,267,1866-08-17,1870-01-03,1866,8,17,1870.0,1.0,3.0
54,255,1866-08-21,1867-04-17,1866,8,21,1867.0,4.0,17.0
54,280,1866-08-21,1867-04-17,1866,8,21,1867.0,4.0,17.0
55,245,1866-08-22,1870-11-23,1866,8,22,1870.0,11.0,23.0
55,255,1866-08-22,1870-11-23,1866,8,22,1870.0,11.0,23.0
56,255,1867-04-11,1871-01-17,1867,4,11,1871.0,1.0,17.0
56,275,1867-04-11,1871-01-17,1867,4,11,1871.0,1.0,17.0
57,200,1870-08-09,1872-05-23,1870,8,9,1872.0,5.0,23.0
57,255,1870-08-09,1872-05-23,1870,8,9,1872.0,5.0,23.0
58,200,1870-08-11,1872-05-23,1870,8,11,1872.0,5.0,23.0
58,220,1870-08-11,1872-05-23,1870,8,11,1872.0,5.0,23.0
59,135,1873-02-06,1883-10-20,1873,2,6,1883.0,10.0,20.0
59,145,1873-02-06,1883-10-20,1873,2,6,1883.0,10.0,20.0
60,255,1873-05-06,1878-07-13,1873,5,6,1878.0,7.0,13.0
60,365,1873-05-06,1878-07-13,1873,5,6,1878.0,7.0,13.0
61,255,1873-10-22,1878-07-13,1873,10,22,1878.0,7.0,13.0
61,300,1873-05-25,1878-07-13,1873,5,25,1878.0,7.0,13.0
61,365,1873-05-25,1878-07-13,1873,5,25,1878.0,7.0,13.0
62,300,1877-01-15,1878-03-03,1877,1,15,1878.0,3.0,3.0
62,365,1877-01-15,1878-03-03,1877,1,15,1878.0,3.0,3.0
63,200,1878-06-04,1880-11-25,1878,6,4,1880.0,11.0,25.0
63,640,1878-06-04,1880-11-25,1878,6,4,1880.0,11.0,25.0
64,255,1879-10-07,1918-11-03,1879,10,7,1918.0,11.0,3.0
64,300,1879-10-07,1918-11-03,1879,10,7,1918.0,11.0,3.0
65,300,1881-06-16,1895-01-01,1881,6,16,1895.0,1.0,1.0
65,345,1881-06-16,1895-01-01,1881,6,16,1895.0,1.0,1.0
66,255,1881-06-18,1887-06-18,1881,6,18,1887.0,6.0,18.0
66,300,1881-06-18,1887-06-18,1881,6,18,1887.0,6.0,18.0
66,365,1881-06-18,1887-06-18,1881,6,18,1887.0,6.0,18.0
67,255,1882-05-20,1918-11-03,1882,5,20,1918.0,11.0,3.0
67,300,1882-05-20,1918-11-03,1882,5,20,1918.0,11.0,3.0
67,325,1882-05-20,1915-05-03,1882,5,20,1915.0,5.0,3.0
68,255,1883-10-30,1918-11-03,1883,10,30,1918.0,11.0,3.0
68,300,1883-10-30,1918-11-03,1883,10,30,1918.0,11.0,3.0
68,325,1888-05-15,1915-05-23,1888,5,15,1915.0,5.0,23.0
68,360,1883-10-30,1916-08-16,1883,10,30,1916.0,8.0,16.0
69,200,1887-02-12,1897-01-20,1887,2,12,1897.0,1.0,20.0
69,300,1887-03-24,1897-01-20,1887,3,24,1897.0,1.0,20.0
69,325,1887-02-12,1897-01-20,1887,2,12,1897.0,1.0,20.0
70,230,1887-05-04,1895-05-04,1887,5,4,1895.0,5.0,4.0
70,255,1887-05-21,1895-05-04,1887,5,21,1895.0,5.0,4.0
70,300,1887-05-21,1895-05-04,1887,5,21,1895.0,5.0,4.0
70,325,1887-05-04,1895-05-04,1887,5,4,1895.0,5.0,4.0
71,255,1887-06-18,1890-06-18,1887,6,18,1890.0,6.0,18.0
71,365,1887-06-18,1890-06-18,1887,6,18,1890.0,6.0,18.0
72,200,1887-12-16,1897-01-20,1887,12,16,1897.0,1.0,20.0
72,300,1887-12-16,1897-01-20,1887,12,16,1897.0,1.0,20.0
72,325,1887-12-16,1897-01-20,1887,12,16,1897.0,1.0,20.0
73,220,1891-08-27,1893-12-27,1891,8,27,1893.0,12.0,27.0
73,365,1891-08-27,1893-12-27,1891,8,27,1893.0,12.0,27.0
74,220,1893-12-27,1917-11-08,1893,12,27,1917.0,11.0,8.0
74,365,1893-12-27,1917-11-08,1893,12,27,1917.0,11.0,8.0
75,730,1894-08-26,1895-04-17,1894,8,26,1895.0,4.0,17.0
75,740,1894-08-26,1895-04-17,1894,8,26,1895.0,4.0,17.0
76,365,1896-06-03,1900-06-17,1896,6,3,1900.0,6.0,17.0
76,710,1896-06-03,1900-06-17,1896,6,3,1900.0,6.0,17.0
77,200,1902-01-30,1921-12-13,1902,1,30,1921.0,12.0,13.0
77,740,1902-01-30,1921-12-13,1902,1,30,1921.0,12.0,13.0
78,220,1902-11-01,1918-11-15,1902,11,1,1918.0,11.0,15.0
78,325,1902-11-01,1918-11-15,1902,11,1,1918.0,11.0,15.0
79,345,1908-01-01,1909-03-30,1908,1,1,1909.0,3.0,30.0
79,355,1908-01-01,1909-03-30,1908,1,1,1909.0,3.0,30.0
80,220,1904-10-03,1907-05-16,1904,10,3,1907.0,5.0,16.0
80,230,1904-10-03,1907-05-16,1904,10,3,1907.0,5.0,16.0
81,300,1904-10-15,1908-10-06,1904,10,15,1908.0,10.0,6.0
81,365,1904-10-15,1908-10-06,1904,10,15,1908.0,10.0,6.0
82,255,1905-07-24,1905-12-02,1905,7,24,1905.0,12.0,2.0
82,365,1905-07-24,1905-12-02,1905,7,24,1905.0,12.0,2.0
83,200,1907-05-16,1915-04-26,1907,5,16,1915.0,4.0,26.0
83,220,1907-05-16,1915-04-26,1907,5,16,1915.0,4.0,26.0
83,230,1907-05-16,1915-04-26,1907,5,16,1915.0,4.0,26.0
84,90,1907-12-20,1918-03-10,1907,12,20,1918.0,3.0,10.0
84,91,1907-12-20,1918-03-10,1907,12,20,1918.0,3.0,10.0
84,92,1907-12-20,1918-03-10,1907,12,20,1918.0,3.0,10.0
84,93,1907-12-20,1918-03-10,1907,12,20,1918.0,3.0,10.0
84,94,1907-12-20,1918-03-10,1907,12,20,1918.0,3.0,10.0
85,2,1908-11-30,1910-07-04,1908,11,30,1910.0,7.0,4.0
85,740,1908-11-30,1910-07-04,1908,11,30,1910.0,7.0,4.0
86,325,1909-10-24,1917-08-11,1909,10,24,1917.0,8.0,11.0
86,365,1909-10-24,1917-08-11,1909,10,24,1917.0,8.0,11.0
87,365,1910-07-04,1916-07-03,1910,7,4,1916.0,7.0,3.0
87,740,1910-07-04,1916-07-03,1910,7,4,1916.0,7.0,3.0
88,130,1911-04-17,,1911,4,17,,,
88,145,1911-04-17,,1911,4,17,,,
89,345,1912-02-29,1913-06-30,1912,2,29,1913.0,6.0,30.0
89,355,1912-02-29,1913-06-30,1912,2,29,1913.0,6.0,30.0
90,350,1912-05-16,1913-06-30,1912,5,16,1913.0,6.0,30.0
90,355,1912-05-16,1913-06-30,1912,5,16,1913.0,6.0,30.0
91,200,1912-11-23,1918-11-11,1912,11,23,1918.0,11.0,11.0
91,220,1912-11-23,1918-11-11,1912,11,23,1918.0,11.0,11.0
92,345,1913-05-19,1918-11-11,1913,5,19,1918.0,11.0,11.0
92,350,1913-05-19,1918-11-11,1913,5,19,1918.0,11.0,11.0
93,255,1914-08-02,1918-10-30,1914,8,2,1918.0,10.0,30.0
93,640,1914-08-02,1918-10-30,1914,8,2,1918.0,10.0,30.0
94,355,1914-08-19,1918-09-30,1914,8,19,1918.0,9.0,30.0
94,640,1914-08-19,1918-09-30,1914,8,19,1918.0,9.0,30.0
95,300,1914-08-19,1918-09-30,1914,8,19,1918.0,9.0,30.0
95,355,1914-08-19,1918-09-30,1914,8,19,1918.0,9.0,30.0
96,255,1914-09-06,1918-09-06,1914,9,6,1918.0,9.0,6.0
96,355,1914-09-06,1918-09-06,1914,9,6,1918.0,9.0,6.0
97,360,1914-10-01,1916-08-17,1914,10,1,1916.0,8.0,17.0
97,365,1914-10-01,1916-08-17,1914,10,1,1916.0,8.0,17.0
98,200,1915-04-26,1918-11-11,1915,4,26,1918.0,11.0,11.0
98,220,1915-04-26,1918-11-11,1915,4,26,1918.0,11.0,11.0
98,325,1915-04-26,1918-11-11,1915,4,26,1918.0,11.0,11.0
98,365,1915-04-26,1917-11-08,1915,4,26,1917.0,11.0,8.0
99,255,1915-09-06,1918-09-30,1915,9,6,1918.0,9.0,30.0
99,300,1915-09-06,1918-09-30,1915,9,6,1918.0,9.0,30.0
99,355,1915-09-06,1918-09-30,1915,9,6,1918.0,9.0,30.0
100,365,1916-07-03,1917-11-08,1916,7,3,1917.0,11.0,8.0
100,740,1916-07-03,1917-11-08,1916,7,3,1917.0,11.0,8.0
101,200,1916-08-17,1918-11-11,1916,8,17,1918.0,11.0,11.0
101,220,1916-08-17,1918-11-11,1916,8,17,1918.0,11.0,11.0
101,325,1916-08-17,1918-11-11,1916,8,17,1918.0,11.0,11.0
101,360,1916-08-17,1918-11-11,1916,8,17,1918.0,11.0,11.0
101,365,1916-08-17,1917-11-08,1916,8,17,1917.0,11.0,8.0
102,315,1920-08-14,1930-07-01,1920,8,14,1930.0,7.0,1.0
102,345,1920-08-14,1930-07-01,1920,8,14,1930.0,7.0,1.0
103,211,1920-09-07,1936-10-14,1920,9,7,1936.0,10.0,14.0
103,220,1920-09-07,1936-10-14,1920,9,7,1936.0,10.0,14.0
104,220,1921-02-19,1939-09-27,1921,2,19,1939.0,9.0,27.0
104,290,1921-02-19,1939-09-27,1921,2,19,1939.0,9.0,27.0
105,365,1921-02-26,1941-08-25,1921,2,26,1941.0,8.0,25.0
105,630,1921-02-26,1941-08-25,1921,2,26,1941.0,8.0,25.0
106,640,1921-03-01,1928-05-25,1921,3,1,1928.0,5.0,25.0
106,700,1921-03-01,1928-05-25,1921,3,1,1928.0,5.0,25.0
107,290,1921-03-03,1939-09-26,1921,3,3,1939.0,9.0,26.0
107,360,1921-03-03,1939-09-26,1921,3,3,1939.0,9.0,26.0
108,315,1921-04-23,1939-03-15,1921,4,23,1939.0,3.0,15.0
108,360,1921-04-23,1939-03-15,1921,4,23,1939.0,3.0,15.0
109,345,1921-06-07,1940-08-30,1921,6,7,1940.0,8.0,30.0
109,360,1921-06-07,1940-08-30,1921,6,7,1940.0,8.0,30.0
110,630,1921-06-22,1937-07-08,1921,6,22,1937.0,7.0,8.0
110,700,1921-06-22,1937-07-08,1921,6,22,1937.0,7.0,8.0
111,2,1921-12-13,1931-09-18,1921,12,13,1931.0,9.0,18.0
111,200,1921-12-13,1931-09-18,1921,12,13,1931.0,9.0,18.0
111,220,1921-12-13,1931-09-18,1921,12,13,1931.0,9.0,18.0
111,740,1921-12-13,1931-09-18,1921,12,13,1931.0,9.0,18.0
112,305,1921-12-16,1927-03-15,1921,12,16,1927.0,3.0,15.0
112,315,1921-12-16,1927-03-15,1921,12,16,1927.0,3.0,15.0
113,90,1923-02-07,1932-12-26,1923,2,7,1932.0,12.0,26.0
113,91,1923-02-07,1932-12-26,1923,2,7,1932.0,12.0,26.0
113,92,1923-02-07,1932-12-26,1923,2,7,1932.0,12.0,26.0
113,93,1923-02-07,1932-12-26,1923,2,7,1932.0,12.0,26.0
113,94,1923-02-07,1932-12-26,1923,2,7,1932.0,12.0,26.0
114,366,1923-11-01,1940-06-15,1923,11,1,1940.0,6.0,15.0
114,367,1923-11-01,1940-06-15,1923,11,1,1940.0,6.0,15.0
115,220,1924-01-25,1938-09-30,1924,1,25,1938.0,9.0,30.0
115,315,1924-01-25,1938-09-30,1924,1,25,1938.0,9.0,30.0
116,325,1924-01-27,1929-02-22,1924,1,27,1929.0,2.0,22.0
116,345,1924-01-27,1929-02-22,1924,1,27,1929.0,2.0,22.0
117,315,1924-07-05,1929-08-21,1924,7,5,1929.0,8.0,21.0
117,325,1924-07-05,1929-08-21,1924,7,5,1929.0,8.0,21.0
118,200,1925-10-16,1936-03-07,1925,10,16,1936.0,3.0,7.0
118,211,1925-10-16,1936-03-07,1925,10,16,1936.0,3.0,7.0
118,220,1925-10-16,1936-03-07,1925,10,16,1936.0,3.0,7.0
118,255,1925-10-16,1936-03-07,1925,10,16,1936.0,3.0,7.0
118,325,1925-10-16,1936-03-07,1925,10,16,1936.0,3.0,7.0
119,220,1925-10-16,1939-09-27,1925,10,16,1939.0,9.0,27.0
119,290,1925-10-16,1939-09-27,1925,10,16,1939.0,9.0,27.0
120,220,1925-10-16,1938-09-30,1925,10,16,1938.0,9.0,30.0
120,315,1925-10-16,1938-09-30,1925,10,16,1938.0,9.0,30.0
121,365,1925-12-17,1939-09-01,1925,12,17,1939.0,9.0,1.0
121,640,1925-12-17,1939-09-01,1925,12,17,1939.0,9.0,1.0
122,630,1926-04-22,1937-07-08,1926,4,22,1937.0,7.0,8.0
122,640,1926-04-22,1937-07-08,1926,4,22,1937.0,7.0,8.0
123,255,1926-04-24,1933-09-15,1926,4,24,1933.0,9.0,15.0
123,365,1926-04-24,1933-09-15,1926,4,24,1933.0,9.0,15.0
124,220,1926-06-10,1940-06-22,1926,6,10,1940.0,6.0,22.0
124,360,1926-06-10,1940-06-22,1926,6,10,1940.0,6.0,22.0
125,230,1926-08-07,1936-07-18,1926,8,7,1936.0,7.0,18.0
125,325,1926-08-07,1936-07-18,1926,8,7,1936.0,7.0,18.0
126,365,1926-08-31,1979-12-24,1926,8,31,1979.0,12.0,24.0
126,700,1926-08-31,1979-12-24,1926,8,31,1979.0,12.0,24.0
127,325,1926-09-16,1932-07-18,1926,9,16,1932.0,7.0,18.0
127,360,1926-09-16,1932-07-18,1926,9,16,1932.0,7.0,18.0
128,290,1926-09-18,1939-09-27,1926,9,18,1939.0,9.0,27.0
128,345,1926-09-18,1939-09-27,1926,9,18,1939.0,9.0,27.0
129,365,1926-09-28,1939-10-10,1926,9,28,1939.0,10.0,10.0
129,368,1926-09-28,1939-10-10,1926,9,28,1939.0,10.0,10.0
130,325,1926-11-27,1927-11-22,1926,11,27,1927.0,11.0,22.0
130,339,1926-11-27,1927-11-22,1926,11,27,1927.0,11.0,22.0
131,365,1927-10-01,1941-08-25,1927,10,1,1941.0,8.0,25.0
131,630,1927-10-01,1941-08-25,1927,10,1,1941.0,8.0,25.0
132,220,1927-11-11,1940-06-22,1927,11,11,1940.0,6.0,22.0
132,345,1927-11-11,1940-06-22,1927,11,11,1940.0,6.0,22.0
133,325,1927-11-22,1939-04-07,1927,11,22,1939.0,4.0,7.0
133,339,1927-11-22,1939-04-07,1927,11,22,1939.0,4.0,7.0
134,350,1928-03-21,1934-02-09,1928,3,21,1934.0,2.0,9.0
134,360,1928-03-21,1934-02-09,1928,3,21,1934.0,2.0,9.0
135,640,1928-05-25,1948-05-25,1928,5,25,1948.0,5.0,25.0
135,700,1928-05-25,1948-05-25,1928,5,25,1948.0,5.0,25.0
136,325,1928-05-30,1935-11-18,1928,5,30,1935.0,11.0,18.0
136,640,1928-05-30,1935-11-18,1928,5,30,1935.0,11.0,18.0
137,325,1928-08-02,1935-10-03,1928,8,2,1935.0,10.0,3.0
137,530,1928-08-02,1935-10-03,1928,8,2,1935.0,10.0,3.0
138,325,1928-09-23,1935-11-18,1928,9,23,1935.0,11.0,18.0
138,350,1928-09-23,1935-11-18,1928,9,23,1935.0,11.0,18.0
139,310,1929-01-05,1945-01-20,1929,1,5,1945.0,1.0,20.0
139,640,1929-01-05,1945-01-20,1929,1,5,1945.0,1.0,20.0
140,355,1929-03-06,1939-12-03,1929,3,6,1939.0,12.0,3.0
140,640,1929-03-06,1939-12-03,1929,3,6,1939.0,12.0,3.0
141,345,1929-03-27,1941-04-20,1929,3,27,1941.0,4.0,20.0
141,350,1929-03-27,1941-04-20,1929,3,27,1941.0,4.0,20.0
142,220,1930-02-03,1940-06-22,1930,2,3,1940.0,6.0,22.0
142,640,1930-02-03,1940-06-22,1930,2,3,1940.0,6.0,22.0
143,200,1932-10-03,1955-04-05,1932,10,3,1955.0,4.0,5.0
143,645,1932-10-03,1955-04-05,1932,10,3,1955.0,4.0,5.0
144,350,1930-10-30,1941-04-23,1930,10,30,1941.0,4.0,23.0
144,640,1930-10-30,1941-04-23,1930,10,30,1941.0,4.0,23.0
145,365,1932-01-21,1939-11-28,1932,1,21,1939.0,11.0,28.0
145,375,1932-01-21,1939-11-28,1932,1,21,1939.0,11.0,28.0
146,365,1932-02-05,1939-10-05,1932,2,5,1939.0,10.0,5.0
146,367,1932-02-05,1939-10-05,1932,2,5,1939.0,10.0,5.0
147,365,1932-05-04,1939-09-28,1932,5,4,1939.0,9.0,28.0
147,366,1932-05-04,1939-09-28,1932,5,4,1939.0,9.0,28.0
148,290,1932-07-25,1939-09-17,1932,7,25,1939.0,9.0,17.0
148,365,1932-07-25,1939-09-17,1932,7,25,1939.0,9.0,17.0
149,220,1932-11-29,1935-05-02,1932,11,29,1935.0,5.0,2.0
149,365,1932-11-29,1935-05-02,1932,11,29,1935.0,5.0,2.0
150,325,1933-09-02,1941-06-22,1933,9,2,1941.0,6.0,22.0
150,365,1933-09-02,1941-06-22,1933,9,2,1941.0,6.0,22.0
151,360,1933-10-17,1944-08-31,1933,10,17,1944.0,8.0,31.0
151,640,1933-10-17,1944-08-31,1933,10,17,1944.0,8.0,31.0
152,345,1933-11-27,1941-04-20,1933,11,27,1941.0,4.0,20.0
152,640,1933-11-27,1941-04-20,1933,11,27,1941.0,4.0,20.0
153,255,1934-01-26,1939-04-28,1934,1,26,1939.0,4.0,28.0
153,290,1934-01-26,1939-04-28,1934,1,26,1939.0,4.0,28.0
154,345,1934-02-09,1940-10-28,1934,2,9,1940.0,10.0,28.0
154,350,1934-02-09,1940-10-28,1934,2,9,1940.0,10.0,28.0
154,360,1934-02-09,1940-10-28,1934,2,9,1940.0,10.0,28.0
154,640,1934-02-09,1940-10-28,1934,2,9,1940.0,10.0,28.0
155,305,1934-03-17,1938-03-13,1934,3,17,1938.0,3.0,13.0
155,310,1934-03-17,1938-03-13,1934,3,17,1938.0,3.0,13.0
155,325,1934-03-17,1938-03-13,1934,3,17,1938.0,3.0,13.0
156,670,1934-05-20,1962-11-06,1934,5,20,1962.0,11.0,6.0
156,678,1934-05-20,1962-11-06,1934,5,20,1962.0,11.0,6.0
157,366,1934-09-12,1940-06-15,1934,9,12,1940.0,6.0,15.0
157,367,1934-09-12,1940-06-15,1934,9,12,1940.0,6.0,15.0
157,368,1934-09-12,1940-06-15,1934,9,12,1940.0,6.0,15.0
158,220,1935-01-07,1935-10-11,1935,1,7,1935.0,10.0,11.0
158,325,1935-01-07,1935-10-11,1935,1,7,1935.0,10.0,11.0
159,220,1935-05-02,1939-09-03,1935,5,2,1939.0,9.0,3.0
159,365,1935-05-02,1939-09-03,1935,5,2,1939.0,9.0,3.0
160,315,1935-05-16,1939-03-15,1935,5,16,1939.0,3.0,15.0
160,315,1945-05-10,1989-12-10,1945,5,10,1989.0,12.0,10.0
160,365,1935-05-16,1939-03-15,1935,5,16,1939.0,3.0,15.0
160,365,1945-05-10,1989-12-10,1945,5,10,1989.0,12.0,10.0
161,365,1936-03-12,1991-12-25,1936,3,12,1991.0,12.0,25.0
161,712,1936-03-12,1991-12-25,1936,3,12,1991.0,12.0,25.0
162,645,1936-04-02,1956-04-02,1936,4,2,1956.0,4.0,2.0
162,670,1936-04-02,1956-04-02,1936,4,2,1956.0,4.0,2.0
162,678,1937-04-29,1956-04-02,1937,4,29,1956.0,4.0,2.0
163,200,1937-05-26,1951-10-08,1937,5,26,1951.0,10.0,8.0
163,651,1937-05-26,1951-10-08,1937,5,26,1951.0,10.0,8.0
164,230,1939-04-07,1939-08-23,1939,4,7,1939.0,8.0,23.0
164,255,1936-11-25,1939-08-23,1936,11,25,1939.0,8.0,23.0
164,310,1939-02-24,1939-08-23,1939,2,24,1939.0,8.0,23.0
164,325,1937-11-06,1939-08-23,1937,11,6,1939.0,8.0,23.0
164,740,1936-11-25,1939-08-23,1936,11,25,1939.0,8.0,23.0
165,2,1936-12-23,1945-03-23,1936,12,23,1945.0,3.0,23.0
165,40,1936-12-23,1945-03-23,1936,12,23,1945.0,3.0,23.0
165,41,1936-12-23,1945-03-23,1936,12,23,1945.0,3.0,23.0
165,42,1936-12-23,1945-03-23,1936,12,23,1945.0,3.0,23.0
165,70,1936-12-23,1945-03-23,1936,12,23,1945.0,3.0,23.0
165,90,1936-12-23,1945-03-23,1936,12,23,1945.0,3.0,23.0
165,91,1936-12-23,1945-03-23,1936,12,23,1945.0,3.0,23.0
165,92,1936-12-23,1945-03-23,1936,12,23,1945.0,3.0,23.0
165,93,1936-12-23,1945-03-23,1936,12,23,1945.0,3.0,23.0
165,94,1936-12-23,1945-03-23,1936,12,23,1945.0,3.0,23.0
165,95,1936-12-23,1945-03-23,1936,12,23,1945.0,3.0,23.0
165,100,1936-12-23,1945-03-23,1936,12,23,1945.0,3.0,23.0
165,101,1936-12-23,1945-03-23,1936,12,23,1945.0,3.0,23.0
165,130,1936-12-23,1945-03-23,1936,12,23,1945.0,3.0,23.0
165,135,1936-12-23,1945-03-23,1936,12,23,1945.0,3.0,23.0
165,140,1936-12-23,1945-03-23,1936,12,23,1945.0,3.0,23.0
165,145,1936-12-23,1945-03-23,1936,12,23,1945.0,3.0,23.0
165,150,1936-12-23,1945-03-23,1936,12,23,1945.0,3.0,23.0
165,155,1936-12-23,1945-03-23,1936,12,23,1945.0,3.0,23.0
165,160,1936-12-23,1945-03-23,1936,12,23,1945.0,3.0,23.0
165,165,1936-12-23,1945-03-23,1936,12,23,1945.0,3.0,23.0
166,325,1937-03-25,1941-04-20,1937,3,25,1941.0,4.0,20.0
166,345,1937-03-25,1941-04-20,1937,3,25,1941.0,4.0,20.0
167,630,1937-07-08,1955-02-24,1937,7,8,1955.0,2.0,24.0
167,640,1937-07-08,1955-02-24,1937,7,8,1955.0,2.0,24.0
167,645,1937-07-08,1955-02-24,1937,7,8,1955.0,2.0,24.0
167,700,1937-07-08,1955-02-24,1937,7,8,1955.0,2.0,24.0
168,365,1937-08-21,1945-08-14,1937,8,21,1945.0,8.0,14.0
168,710,1937-08-21,1945-08-14,1937,8,21,1945.0,8.0,14.0
169,200,1937-09-14,1939-03-28,1937,9,14,1939.0,3.0,28.0
169,220,1937-09-14,1939-03-28,1937,9,14,1939.0,3.0,28.0
169,345,1937-09-14,1939-03-28,1937,9,14,1939.0,3.0,28.0
169,350,1937-09-14,1939-03-28,1937,9,14,1939.0,3.0,28.0
169,355,1937-09-14,1939-03-28,1937,9,14,1939.0,3.0,28.0
169,360,1937-09-14,1939-03-28,1937,9,14,1939.0,3.0,28.0
169,365,1937-09-14,1939-03-28,1937,9,14,1939.0,3.0,28.0
169,640,1937-09-14,1939-03-28,1937,9,14,1939.0,3.0,28.0
169,651,1937-09-14,1939-03-28,1937,9,14,1939.0,3.0,28.0
170,145,1938-07-21,,1938,7,21,,,
170,150,1938-07-21,,1938,7,21,,,
171,345,1938-07-31,1940-06-18,1938,7,31,1940.0,6.0,18.0
171,350,1938-07-31,1940-06-18,1938,7,31,1940.0,6.0,18.0
171,355,1938-07-31,1940-06-18,1938,7,31,1940.0,6.0,18.0
171,360,1938-07-31,1940-06-18,1938,7,31,1940.0,6.0,18.0
171,640,1938-07-31,1940-06-18,1938,7,31,1940.0,6.0,18.0
172,220,1938-12-06,1939-09-03,1938,12,6,1939.0,9.0,3.0
172,255,1938-12-06,1939-09-03,1938,12,6,1939.0,9.0,3.0
173,230,1939-03-17,1977-11-22,1939,3,17,1977.0,11.0,22.0
173,235,1939-03-17,1977-11-22,1939,3,17,1977.0,11.0,22.0
174,200,1939-04-06,1939-09-27,1939,4,6,1939.0,9.0,27.0
174,290,1939-04-06,1939-09-27,1939,4,6,1939.0,9.0,27.0
175,255,1939-05-22,1943-09-02,1939,5,22,1943.0,9.0,2.0
175,325,1939-05-22,1943-09-02,1939,5,22,1943.0,9.0,2.0
176,255,1939-05-31,1940-04-09,1939,5,31,1940.0,4.0,9.0
176,390,1939-05-31,1940-04-09,1939,5,31,1940.0,4.0,9.0
177,255,1939-06-07,1940-06-16,1939,6,7,1940.0,6.0,16.0
177,366,1939-06-07,1940-06-16,1939,6,7,1940.0,6.0,16.0
178,255,1939-06-07,1940-06-16,1939,6,7,1940.0,6.0,16.0
178,367,1939-06-07,1940-06-16,1939,6,7,1940.0,6.0,16.0
179,220,1939-06-23,1939-10-19,1939,6,23,1939.0,10.0,19.0
179,640,1939-06-23,1939-10-19,1939,6,23,1939.0,10.0,19.0
180,255,1939-08-23,1941-06-22,1939,8,23,1941.0,6.0,22.0
180,365,1939-08-23,1941-06-22,1939,8,23,1941.0,6.0,22.0
181,365,1939-09-28,1940-06-16,1939,9,28,1940.0,6.0,16.0
181,366,1939-09-28,1940-06-16,1939,9,28,1940.0,6.0,16.0
182,365,1939-10-05,1940-06-16,1939,10,5,1940.0,6.0,16.0
182,367,1939-10-05,1940-06-16,1939,10,5,1940.0,6.0,16.0
183,365,1939-10-10,1940-06-14,1939,10,10,1940.0,6.0,14.0
183,368,1939-10-10,1940-06-14,1939,10,10,1940.0,6.0,14.0
184,200,1939-10-19,1945-09-02,1939,10,19,1945.0,9.0,2.0
184,220,1939-10-19,1940-06-22,1939,10,19,1940.0,6.0,22.0
184,640,1939-10-19,1945-09-02,1939,10,19,1945.0,9.0,2.0
185,100,1939-12-17,,1939,12,17,,,
185,101,1939-12-17,,1939,12,17,,,
186,365,1940-03-12,1941-06-25,1940,3,12,1941.0,6.0,25.0
186,375,1940-03-12,1941-06-25,1940,3,12,1941.0,6.0,25.0
187,200,1940-06-12,1940-12-01,1940,6,12,1940.0,12.0,1.0
187,800,1940-06-12,1940-12-01,1940,6,12,1940.0,12.0,1.0
188,740,1940-06-12,1941-12-21,1940,6,12,1941.0,12.0,21.0
188,800,1940-06-12,1941-12-21,1940,6,12,1941.0,12.0,21.0
189,255,1940-09-27,1941-12-11,1940,9,27,1941.0,12.0,11.0
189,310,1940-11-20,1941-12-11,1940,11,20,1941.0,12.0,11.0
189,325,1940-09-27,1941-12-11,1940,9,27,1941.0,12.0,11.0
189,355,1941-03-01,1941-12-11,1941,3,1,1941.0,12.0,11.0
189,360,1940-11-23,1941-12-11,1940,11,23,1941.0,12.0,11.0
189,740,1940-09-27,1941-12-11,1940,9,27,1941.0,12.0,11.0
190,345,1941-04-05,1941-04-20,1941,4,5,1941.0,4.0,20.0
190,365,1941-04-05,1941-04-20,1941,4,5,1941.0,4.0,20.0
191,365,1941-04-13,1945-04-05,1941,4,13,1945.0,4.0,5.0
191,740,1941-04-13,1945-04-05,1941,4,13,1945.0,4.0,5.0
192,255,1941-06-18,1945-05-08,1941,6,18,1945.0,5.0,8.0
192,640,1941-06-18,1945-05-08,1941,6,18,1945.0,5.0,8.0
193,200,1941-07-12,1955-05-07,1941,7,12,1955.0,5.0,7.0
193,365,1941-07-12,1955-05-07,1941,7,12,1955.0,5.0,7.0
194,740,1941-12-21,1945-09-11,1941,12,21,1945.0,9.0,11.0
194,800,1941-12-21,1945-09-11,1941,12,21,1945.0,9.0,11.0
195,200,1942-01-29,1946-03-19,1942,1,29,1946.0,3.0,19.0
195,365,1942-01-29,1946-03-19,1942,1,29,1946.0,3.0,19.0
195,630,1942-01-29,1946-03-19,1942,1,29,1946.0,3.0,19.0
196,900,1944-01-21,1951-09-01,1944,1,21,1951.0,9.0,1.0
196,920,1944-01-21,1951-09-01,1944,1,21,1951.0,9.0,1.0
197,220,1944-12-10,1955-05-07,1944,12,10,1955.0,5.0,7.0
197,365,1944-12-10,1955-05-07,1944,12,10,1955.0,5.0,7.0
198,2,1945-03-06,1947-09-02,1945,3,6,1947.0,9.0,2.0
198,40,1945-03-06,1947-09-02,1945,3,6,1947.0,9.0,2.0
198,41,1945-03-06,1947-09-02,1945,3,6,1947.0,9.0,2.0
198,42,1945-03-06,1947-09-02,1945,3,6,1947.0,9.0,2.0
198,70,1945-03-06,1947-09-02,1945,3,6,1947.0,9.0,2.0
198,90,1945-03-06,1947-09-02,1945,3,6,1947.0,9.0,2.0
198,91,1945-03-06,1947-09-02,1945,3,6,1947.0,9.0,2.0
198,93,1945-03-06,1947-09-02,1945,3,6,1947.0,9.0,2.0
198,94,1945-03-06,1947-09-02,1945,3,6,1947.0,9.0,2.0
198,95,1945-03-06,1947-09-02,1945,3,6,1947.0,9.0,2.0
198,100,1945-03-06,1947-09-02,1945,3,6,1947.0,9.0,2.0
198,101,1945-03-06,1947-09-02,1945,3,6,1947.0,9.0,2.0
198,130,1945-03-06,1947-09-02,1945,3,6,1947.0,9.0,2.0
198,135,1945-03-06,1947-09-02,1945,3,6,1947.0,9.0,2.0
198,140,1945-03-06,1947-09-02,1945,3,6,1947.0,9.0,2.0
198,145,1945-03-06,1947-09-02,1945,3,6,1947.0,9.0,2.0
198,150,1945-03-06,1947-09-02,1945,3,6,1947.0,9.0,2.0
198,155,1945-03-06,1947-09-02,1945,3,6,1947.0,9.0,2.0
198,160,1945-03-06,1947-09-02,1945,3,6,1947.0,9.0,2.0
198,165,1945-03-06,1947-09-02,1945,3,6,1947.0,9.0,2.0
199,435,1973-01-22,,1973,1,22,,,
199,520,1974-01-22,,1974,1,22,,,
199,522,1975-01-22,,1975,1,22,,,
199,600,1958-01-22,,1958,1,22,,,
199,615,1962-01-22,,1962,1,22,,,
199,616,1958-01-22,,1958,1,22,,,
199,620,1953-01-22,,1953,1,22,,,
199,625,1955-01-22,,1955,1,22,,,
199,645,1945-03-22,,1945,3,22,,,
199,651,1945-03-22,1979-03-31,1945,3,22,1979.0,3.0,31.0
199,651,1989-05-22,,1989,5,22,,,
199,652,1945-03-22,,1945,3,22,,,
199,660,1945-03-22,,1945,3,22,,,
199,663,1945-03-22,,1945,3,22,,,
199,670,1945-03-22,,1945,3,22,,,
199,678,1945-03-22,1990-05-21,1945,3,22,1990.0,5.0,21.0
199,679,1990-05-22,,1990,5,22,,,
199,680,1971-09-22,1990-05-21,1971,9,22,1990.0,5.0,21.0
199,690,1964-01-22,,1964,1,22,,,
199,692,1971-01-22,,1971,1,22,,,
199,694,1971-01-22,,1971,1,22,,,
199,696,1972-01-22,,1972,1,22,,,
199,698,1971-01-22,,1971,1,22,,,
200,345,1945-04-11,1949-09-28,1945,4,11,1949.0,9.0,28.0
200,365,1945-04-11,1949-09-28,1945,4,11,1949.0,9.0,28.0
201,290,1945-04-21,1989-08-07,1945,4,21,1989.0,8.0,7.0
201,365,1945-04-21,1989-08-07,1945,4,21,1989.0,8.0,7.0
202,365,1945-08-14,1949-10-01,1945,8,14,1949.0,10.0,1.0
202,710,1945-08-14,1949-10-01,1945,8,14,1949.0,10.0,1.0
203,290,1946-03-18,1949-10-21,1946,3,18,1949.0,10.0,21.0
203,345,1946-03-18,1949-10-21,1946,3,18,1949.0,10.0,21.0
204,200,1946-03-22,1956-10-29,1946,3,22,1956.0,10.0,29.0
204,663,1946-03-22,1956-10-29,1946,3,22,1956.0,10.0,29.0
205,315,1946-05-09,1949-10-21,1946,5,9,1949.0,10.0,21.0
205,345,1946-05-09,1949-10-21,1946,5,9,1949.0,10.0,21.0
206,339,1946-07-09,1949-10-21,1946,7,9,1949.0,10.0,21.0
206,345,1946-07-09,1949-10-21,1946,7,9,1949.0,10.0,21.0
207,200,1947-03-04,1948-03-17,1947,3,4,1948.0,3.0,17.0
207,220,1947-03-04,1948-03-17,1947,3,4,1948.0,3.0,17.0
208,290,1947-03-10,1989-08-07,1947,3,10,1989.0,8.0,7.0
208,315,1947-03-10,1989-08-07,1947,3,10,1989.0,8.0,7.0
209,645,1947-04-14,1958-07-15,1947,4,14,1958.0,7.0,15.0
209,663,1947-04-14,1958-07-15,1947,4,14,1958.0,7.0,15.0
210,2,1947-09-02,,1947,9,2,,,
210,20,1989-11-13,,1989,11,13,,,
210,31,1982-03-03,,1982,3,3,,,
210,40,1947-09-02,1962-01-22,1947,9,2,1962.0,1.0,22.0
210,41,1947-09-02,,1947,9,2,,,
210,42,1947-09-02,,1947,9,2,,,
210,51,1969-06-27,,1969,6,27,,,
210,52,1967-03-13,,1967,3,13,,,
210,53,1967-10-09,,1967,10,9,,,
210,54,1979-05-22,,1979,5,22,,,
210,55,1975-05-13,,1975,5,13,,,
210,56,1979-05-22,,1979,5,22,,,
210,57,1981-12-03,,1981,12,3,,,
210,58,1981-12-03,,1981,12,3,,,
210,60,1984-03-12,,1984,3,12,,,
210,70,1947-09-02,,1947,9,2,,,
210,80,1991-01-08,,1991,1,8,,,
210,90,1947-09-02,,1947,9,2,,,
210,91,1947-09-02,,1947,9,2,,,
210,92,1947-09-02,,1947,9,2,,,
210,93,1947-09-02,,1947,9,2,,,
210,94,1947-09-02,,1947,9,2,,,
210,95,1947-09-02,,1947,9,2,,,
210,100,1947-09-02,,1947,9,2,,,
210,101,1947-09-02,,1947,9,2,,,
210,110,1991-01-08,,1991,1,8,,,
210,115,1977-02-22,,1977,2,22,,,
210,130,1947-09-02,,1947,9,2,,,
210,135,1947-09-02,,1947,9,2,,,
210,140,1947-09-02,,1947,9,2,,,
210,145,1947-09-02,,1947,9,2,,,
210,150,1947-09-02,,1947,9,2,,,
210,155,1947-09-02,,1947,9,2,,,
210,160,1947-09-02,,1947,9,2,,,
210,165,1947-09-02,,1947,9,2,,,
211,310,1947-12-08,1949-10-21,1947,12,8,1949.0,10.0,21.0
211,345,1947-12-08,1949-10-21,1947,12,8,1949.0,10.0,21.0
212,339,1947-12-16,1967-12-16,1947,12,16,1967.0,12.0,16.0
212,355,1947-12-16,1967-12-16,1947,12,16,1967.0,12.0,16.0
213,345,1947-12-19,1949-10-21,1947,12,19,1949.0,10.0,21.0
213,360,1947-12-19,1949-10-21,1947,12,19,1949.0,10.0,21.0
214,355,1970-11-19,1989-11-10,1970,11,19,1989.0,11.0,10.0
214,360,1970-11-19,1989-11-10,1970,11,19,1989.0,11.0,10.0
215,310,1948-01-24,1989-05-08,1948,1,24,1989.0,5.0,8.0
215,360,1948-01-24,1989-05-08,1948,1,24,1989.0,5.0,8.0
216,360,1948-02-04,1989-12-12,1948,2,4,1989.0,12.0,12.0
216,365,1948-02-04,1989-12-12,1948,2,4,1989.0,12.0,12.0
217,310,1948-02-18,1989-10-07,1948,2,18,1989.0,10.0,7.0
217,365,1948-02-18,1989-10-07,1948,2,18,1989.0,10.0,7.0
218,200,1948-03-17,,1948,3,17,,,
218,210,1948-03-17,,1948,3,17,,,
218,211,1948-03-17,,1948,3,17,,,
218,212,1948-03-17,,1948,3,17,,,
218,220,1948-03-17,,1948,3,17,,,
218,230,1988-11-14,,1988,11,14,,,
218,235,1988-11-14,,1988,11,14,,,
218,260,1955-05-05,,1955,5,5,,,
218,325,1954-10-23,,1954,10,23,,,
218,350,1992-11-20,,1992,11,20,,,
219,355,1948-03-18,1989-11-10,1948,3,18,1989.0,11.0,10.0
219,365,1948-03-18,1989-11-10,1948,3,18,1989.0,11.0,10.0
220,365,1948-04-06,1991-12-25,1948,4,6,1991.0,12.0,25.0
220,375,1948-04-06,1991-12-25,1948,4,6,1991.0,12.0,25.0
221,315,1968-04-26,1989-11-10,1968,4,26,1989.0,11.0,10.0
221,355,1968-04-26,1989-11-10,1968,4,26,1989.0,11.0,10.0
222,290,1948-05-29,1989-08-07,1948,5,29,1989.0,8.0,7.0
222,355,1948-05-29,1989-08-07,1948,5,29,1989.0,8.0,7.0
223,290,1948-06-18,1989-08-07,1948,6,18,1989.0,8.0,7.0
223,310,1948-06-18,1989-08-07,1948,6,18,1989.0,8.0,7.0
224,310,1948-07-16,1989-10-07,1948,7,16,1989.0,10.0,7.0
224,355,1948-07-16,1989-10-07,1948,7,16,1989.0,10.0,7.0
225,315,1948-07-21,1989-12-10,1948,7,21,1989.0,12.0,10.0
225,360,1948-07-21,1989-12-10,1948,7,21,1989.0,12.0,10.0
226,290,1949-01-26,1989-08-07,1949,1,26,1989.0,8.0,7.0
226,360,1949-01-26,1989-08-07,1949,1,26,1989.0,8.0,7.0
227,2,1949-04-04,,1949,4,4,,,
227,20,1949-04-04,,1949,4,4,,,
227,200,1949-04-04,,1949,4,4,,,
227,210,1949-04-04,,1949,4,4,,,
227,211,1949-04-04,,1949,4,4,,,
227,212,1949-04-04,,1949,4,4,,,
227,220,1949-04-04,,1949,4,4,,,
227,230,1981-12-10,,1981,12,10,,,
227,235,1949-04-04,,1949,4,4,,,
227,255,1990-10-03,,1990,10,3,,,
227,260,1954-10-23,1990-10-02,1954,10,23,1990.0,10.0,2.0
227,290,1999-03-12,,1999,3,12,,,
227,310,1999-03-12,,1999,3,12,,,
227,316,1999-03-12,,1999,3,12,,,
227,325,1949-04-04,,1949,4,4,,,
227,350,1951-10-22,,1951,10,22,,,
227,385,1949-04-04,,1949,4,4,,,
227,390,1949-04-04,,1949,4,4,,,
227,395,1949-04-04,,1949,4,4,,,
227,640,1951-10-22,,1951,10,22,,,
228,310,1949-04-16,1989-10-07,1949,4,16,1989.0,10.0,7.0
228,315,1949-04-16,1989-10-07,1949,4,16,1989.0,10.0,7.0
229,365,1950-02-14,1980-02-14,1950,2,14,1980.0,2.0,14.0
229,710,1950-02-14,1980-02-14,1950,2,14,1980.0,2.0,14.0
230,520,1974-05-20,,1974,5,20,,,
230,600,1961-06-13,,1961,6,13,,,
230,615,1964-09-11,,1964,9,11,,,
230,616,1953-10-11,,1953,10,11,,,
230,620,1964-09-11,,1964,9,11,,,
230,625,1964-09-11,,1964,9,11,,,
230,645,1952-08-07,,1952,8,7,,,
230,651,1950-06-17,1979-03-31,1950,6,17,1979.0,3.0,31.0
230,651,1989-05-22,,1989,5,22,,,
230,652,1950-06-17,1958-02-01,1950,6,17,1958.0,2.0,1.0
230,652,1961-09-29,,1961,9,29,,,
230,660,1950-06-17,,1950,6,17,,,
230,663,1952-03-31,,1952,3,31,,,
230,670,1950-06-17,,1950,6,17,,,
230,678,1950-06-17,1990-05-21,1950,6,17,1990.0,5.0,21.0
230,679,1990-05-22,,1990,5,22,,,
230,680,1971-11-23,1990-05-21,1971,11,23,1990.0,5.0,21.0
230,690,1961-08-12,,1961,8,12,,,
230,692,1971-11-14,,1971,11,14,,,
230,694,1971-11-14,,1971,11,14,,,
230,696,1953-10-11,,1953,10,11,,,
231,2,1951-08-30,,1951,8,30,,,
231,840,1951-08-30,,1951,8,30,,,
232,2,1951-09-01,,1951,9,1,,,
232,900,1951-09-01,,1951,9,1,,,
232,920,1951-09-01,1986-08-12,1951,9,1,1986.0,8.0,12.0
233,2,1951-09-08,,1951,9,8,,,
233,740,1951-09-08,,1951,9,8,,,
234,345,1953-02-28,1954-08-08,1953,2,28,1954.0,8.0,8.0
234,345,1954-08-09,1964-04-04,1954,8,9,1964.0,4.0,4.0
234,350,1953-02-28,1954-08-08,1953,2,28,1954.0,8.0,8.0
234,350,1954-08-09,1964-04-04,1954,8,9,1964.0,4.0,4.0
234,640,1953-02-28,1954-08-08,1953,2,28,1954.0,8.0,8.0
234,640,1954-08-09,1964-04-04,1954,8,9,1964.0,4.0,4.0
235,200,1953-07-29,1969-09-01,1953,7,29,1969.0,9.0,1.0
235,620,1953-07-29,1969-09-01,1953,7,29,1969.0,9.0,1.0
236,2,1953-10-01,,1953,10,1,,,
236,732,1953-10-01,,1953,10,1,,,
237,640,1954-04-02,1955-09-23,1954,4,2,1955.0,9.0,23.0
237,770,1954-04-02,1955-09-23,1954,4,2,1955.0,9.0,23.0
238,2,1954-09-08,1977-06-30,1954,9,8,1977.0,6.0,30.0
238,200,1954-09-08,1977-06-30,1954,9,8,1977.0,6.0,30.0
238,220,1954-09-08,1974-06-30,1954,9,8,1974.0,6.0,30.0
238,770,1954-09-08,1972-11-08,1954,9,8,1972.0,11.0,8.0
238,800,1954-09-08,1977-06-30,1954,9,8,1977.0,6.0,30.0
238,840,1954-09-08,1977-06-30,1954,9,8,1977.0,6.0,30.0
238,900,1954-09-08,1977-06-30,1954,9,8,1977.0,6.0,30.0
238,920,1954-09-08,1977-06-30,1954,9,8,1977.0,6.0,30.0
239,200,1954-10-19,1956-10-31,1954,10,19,1956.0,10.0,31.0
239,651,1954-10-19,1956-10-31,1954,10,19,1956.0,10.0,31.0
240,2,1954-12-02,1980-01-01,1954,12,2,1980.0,1.0,1.0
240,713,1954-12-02,1980-01-01,1954,12,2,1980.0,1.0,1.0
241,2,1958-07-28,1979-10-09,1958,7,28,1979.0,10.0,9.0
241,200,1955-04-05,1979-10-09,1955,4,5,1979.0,10.0,9.0
241,630,1955-11-03,1979-03-12,1955,11,3,1979.0,3.0,12.0
241,640,1955-02-24,1979-10-09,1955,2,24,1979.0,10.0,9.0
241,645,1955-02-24,1959-03-24,1955,2,24,1959.0,3.0,24.0
241,770,1955-09-23,1979-03-12,1955,9,23,1979.0,3.0,12.0
242,200,1955-04-04,1959-04-04,1955,4,4,1959.0,4.0,4.0
242,645,1955-04-04,1959-04-04,1955,4,4,1959.0,4.0,4.0
243,265,1955-05-14,1989-11-07,1955,5,14,1989.0,11.0,7.0
243,290,1955-05-14,1989-08-07,1955,5,14,1989.0,8.0,7.0
243,310,1955-05-14,1956-11-15,1955,5,14,1956.0,11.0,15.0
243,315,1955-05-14,1989-12-10,1955,5,14,1989.0,12.0,10.0
243,339,1955-05-14,1968-08-20,1955,5,14,1968.0,8.0,20.0
243,355,1955-05-14,1989-11-10,1955,5,14,1989.0,11.0,10.0
243,360,1955-05-14,1989-12-12,1955,5,14,1989.0,12.0,12.0
243,365,1955-05-14,1991-07-01,1955,5,14,1991.0,7.0,1.0
244,220,1955-08-10,2011-02-26,1955,8,10,2011.0,2.0,26.0
244,620,1955-08-10,2011-02-26,1955,8,10,2011.0,2.0,26.0
245,651,1955-10-20,1961-09-29,1955,10,20,1961.0,9.0,29.0
245,652,1955-10-20,1961-09-29,1955,10,20,1961.0,9.0,29.0
245,663,1956-10-24,1961-09-29,1956,10,24,1961.0,9.0,29.0
246,651,1955-10-27,1956-04-21,1955,10,27,1956.0,4.0,21.0
246,670,1955-10-27,1956-04-21,1955,10,27,1956.0,4.0,21.0
247,651,1956-04-21,1962-11-06,1956,4,21,1962.0,11.0,6.0
247,670,1956-04-21,1962-11-06,1956,4,21,1962.0,11.0,6.0
247,678,1956-04-21,1962-11-06,1956,4,21,1962.0,11.0,6.0
248,220,1956-05-28,1966-01-23,1956,5,28,1966.0,1.0,23.0
248,600,1956-05-28,1966-01-23,1956,5,28,1966.0,1.0,23.0
249,200,1956-10-24,1956-11-06,1956,10,24,1956.0,11.0,6.0
249,220,1956-10-24,1956-11-06,1956,10,24,1956.0,11.0,6.0
249,666,1956-10-24,1956-11-06,1956,10,24,1956.0,11.0,6.0
250,616,1957-01-06,1974-01-06,1957,1,6,1974.0,1.0,6.0
250,620,1957-01-06,1974-01-06,1957,1,6,1974.0,1.0,6.0
251,200,1957-10-12,1971-10-15,1957,10,12,1971.0,10.0,15.0
251,820,1957-10-12,1971-10-15,1957,10,12,1971.0,10.0,15.0
252,2,1958-05-12,,1958,5,12,,,
252,20,1958-05-12,,1958,5,12,,,
253,2,1959-03-05,1979-02-11,1959,3,5,1979.0,2.0,11.0
253,630,1959-03-05,1979-02-11,1959,3,5,1979.0,2.0,11.0
254,2,1959-03-05,,1959,3,5,,,
254,770,1959-03-05,,1959,3,5,,,
255,2,1959-03-05,,1959,3,5,,,
255,640,1959-03-05,,1959,3,5,,,
256,2,1959-07-08,,1959,7,8,,,
256,450,1959-07-08,,1959,7,8,,,
257,710,1960-01-28,1967-10-06,1960,1,28,1967.0,10.0,6.0
257,775,1960-01-28,1967-10-06,1960,1,28,1967.0,10.0,6.0
258,220,1960-08-15,1978-06-15,1960,8,15,1978.0,6.0,15.0
258,482,1960-08-15,1976-12-04,1960,8,15,1976.0,12.0,4.0
258,483,1960-08-15,1978-06-15,1960,8,15,1978.0,6.0,15.0
258,484,1960-08-15,1978-06-15,1960,8,15,1978.0,6.0,15.0
259,350,1960-08-16,1974-07-20,1960,8,16,1974.0,7.0,20.0
259,352,1960-08-16,1974-07-20,1960,8,16,1974.0,7.0,20.0
259,640,1960-08-16,1974-07-20,1960,8,16,1974.0,7.0,20.0
260,220,1960-08-17,,1960,8,17,,,
260,481,1960-08-17,,1960,8,17,,,
261,700,1960-08-26,1979-12-27,1960,8,26,1979.0,12.0,27.0
261,710,1960-08-26,1979-12-27,1960,8,26,1979.0,12.0,27.0
262,710,1960-12-19,1970-05-05,1960,12,19,1970.0,5.0,5.0
262,811,1960-12-19,1970-05-05,1960,12,19,1970.0,5.0,5.0
263,432,1961-04-29,1963-03-25,1961,4,29,1963.0,3.0,25.0
263,438,1961-04-29,1963-03-25,1961,4,29,1963.0,3.0,25.0
263,452,1961-04-29,1963-03-25,1961,4,29,1963.0,3.0,25.0
264,365,1961-07-06,1995-09-07,1961,7,6,1995.0,9.0,7.0
264,731,1961-07-06,1995-09-07,1961,7,6,1995.0,9.0,7.0
265,710,1961-07-11,,1961,7,11,,,
265,731,1961-07-11,,1961,7,11,,,
266,433,1961-09-09,1964-03-10,1961,9,9,1964.0,3.0,10.0
266,434,1961-09-09,1964-03-10,1961,9,9,1964.0,3.0,10.0
266,435,1961-09-09,1964-03-10,1961,9,9,1964.0,3.0,10.0
266,436,1961-09-09,1964-03-10,1961,9,9,1964.0,3.0,10.0
266,437,1961-09-09,1964-03-10,1961,9,9,1964.0,3.0,10.0
266,439,1961-09-09,1964-03-10,1961,9,9,1964.0,3.0,10.0
266,461,1963-07-09,1964-03-10,1963,7,9,1964.0,3.0,10.0
266,471,1961-09-09,1964-03-10,1961,9,9,1964.0,3.0,10.0
266,481,1961-09-09,1964-03-10,1961,9,9,1964.0,3.0,10.0
266,482,1961-09-09,1964-03-10,1961,9,9,1964.0,3.0,10.0
266,483,1961-09-09,1964-03-10,1961,9,9,1964.0,3.0,10.0
266,484,1961-09-09,1964-03-10,1961,9,9,1964.0,3.0,10.0
266,517,1963-03-09,1964-03-10,1963,3,9,1964.0,3.0,10.0
266,580,1961-09-09,1964-03-10,1961,9,9,1964.0,3.0,10.0
267,2,1962-07-23,1964-07-12,1962,7,23,1964.0,7.0,12.0
267,20,1962-07-23,1964-07-12,1962,7,23,1964.0,7.0,12.0
267,200,1962-07-23,1964-07-12,1962,7,23,1964.0,7.0,12.0
267,220,1962-07-23,1964-07-12,1962,7,23,1964.0,7.0,12.0
267,290,1962-07-23,1964-07-12,1962,7,23,1964.0,7.0,12.0
267,365,1962-07-23,1964-07-12,1962,7,23,1964.0,7.0,12.0
267,710,1962-07-23,1964-07-12,1962,7,23,1964.0,7.0,12.0
267,750,1962-07-23,1964-07-12,1962,7,23,1964.0,7.0,12.0
267,775,1962-07-23,1964-07-12,1962,7,23,1964.0,7.0,12.0
267,800,1962-07-23,1964-07-12,1962,7,23,1964.0,7.0,12.0
267,811,1962-07-23,1964-07-12,1962,7,23,1964.0,7.0,12.0
267,816,1962-07-23,1964-07-12,1962,7,23,1964.0,7.0,12.0
267,817,1962-07-23,1964-07-12,1962,7,23,1964.0,7.0,12.0
268,663,1962-08-29,1967-05-30,1962,8,29,1967.0,5.0,30.0
268,670,1962-08-29,1967-05-30,1962,8,29,1967.0,5.0,30.0
269,651,1962-11-10,1967-11-10,1962,11,10,1967.0,11.0,10.0
269,678,1962-11-10,1967-11-10,1962,11,10,1967.0,11.0,10.0
270,501,1963-11-22,,1963,11,22,,,
270,530,1963-11-22,,1963,11,22,,,
271,90,1963-12-14,1969-07-14,1963,12,14,1969.0,7.0,14.0
271,91,1963-12-14,1969-07-14,1963,12,14,1969.0,7.0,14.0
271,92,1963-12-14,1969-07-14,1963,12,14,1969.0,7.0,14.0
271,93,1963-12-14,1969-07-14,1963,12,14,1969.0,7.0,14.0
271,94,1963-12-14,1969-07-14,1963,12,14,1969.0,7.0,14.0
271,95,1963-12-14,1969-07-14,1963,12,14,1969.0,7.0,14.0
272,265,1964-06-12,1989-11-07,1964,6,12,1989.0,11.0,7.0
272,365,1964-06-12,1989-11-07,1964,6,12,1989.0,11.0,7.0
273,490,1966-08-30,1994-04-06,1966,8,30,1994.0,4.0,6.0
273,516,1966-08-30,1994-04-06,1966,8,30,1994.0,4.0,6.0
273,517,1966-08-30,1994-04-06,1966,8,30,1994.0,4.0,6.0
274,651,1966-11-04,1967-06-10,1966,11,4,1967.0,6.0,10.0
274,652,1966-11-04,1967-06-10,1966,11,4,1967.0,6.0,10.0
275,265,1967-03-15,1989-08-07,1967,3,15,1989.0,8.0,7.0
275,290,1967-03-15,1989-08-07,1967,3,15,1989.0,8.0,7.0
276,265,1967-03-17,1989-11-07,1967,3,17,1989.0,11.0,7.0
276,315,1967-03-17,1989-11-07,1967,3,17,1989.0,11.0,7.0
277,265,1967-05-18,1989-11-07,1967,5,18,1989.0,11.0,7.0
277,310,1967-05-18,1989-11-07,1967,5,18,1989.0,11.0,7.0
278,645,1967-06-04,1979-03-31,1967,6,4,1979.0,3.0,31.0
278,651,1967-05-30,1979-03-31,1967,5,30,1979.0,3.0,31.0
278,663,1967-05-30,1979-03-31,1967,5,30,1979.0,3.0,31.0
279,265,1967-09-07,1989-11-07,1967,9,7,1989.0,11.0,7.0
279,355,1967-09-07,1989-11-07,1967,9,7,1989.0,11.0,7.0
280,200,1968-03-12,1976-03-30,1968,3,12,1976.0,3.0,30.0
280,590,1968-03-12,1976-03-30,1968,3,12,1976.0,3.0,30.0
281,482,1968-04-02,1968-12-09,1968,4,2,1968.0,12.0,9.0
281,483,1968-04-02,1968-12-09,1968,4,2,1968.0,12.0,9.0
281,484,1968-04-02,1968-12-09,1968,4,2,1968.0,12.0,9.0
282,600,1969-01-15,1975-12-28,1969,1,15,1975.0,12.0,28.0
282,615,1969-01-15,1975-12-28,1969,1,15,1975.0,12.0,28.0
283,615,1970-01-06,1983-03-19,1970,1,6,1983.0,3.0,19.0
283,616,1970-01-06,1983-03-19,1970,1,6,1983.0,3.0,19.0
284,435,1970-06-08,1981-03-18,1970,6,8,1981.0,3.0,18.0
284,600,1970-06-08,1981-03-18,1970,6,8,1981.0,3.0,18.0
285,2,1970-08-06,1981-12-10,1970,8,6,1981.0,12.0,10.0
285,230,1970-08-06,1981-12-10,1970,8,6,1981.0,12.0,10.0
286,220,1970-10-13,1990-10-13,1970,10,13,1990.0,10.0,13.0
286,365,1970-10-13,1990-10-13,1970,10,13,1990.0,10.0,13.0
287,20,1971-05-19,1992-05-19,1971,5,19,1992.0,5.0,19.0
287,365,1971-05-19,1992-05-19,1971,5,19,1992.0,5.0,19.0
288,365,1971-05-27,1976-03-14,1971,5,27,1976.0,3.0,14.0
288,651,1971-05-27,1976-03-14,1971,5,27,1976.0,3.0,14.0
289,365,1971-08-09,1991-12-25,1971,8,9,1991.0,12.0,25.0
289,750,1971-08-09,1991-12-25,1971,8,9,1991.0,12.0,25.0
290,750,1972-03-19,1997-03-19,1972,3,19,1997.0,3.0,19.0
290,771,1972-03-19,1997-03-19,1972,3,19,1997.0,3.0,19.0
291,365,1972-04-09,1990-09-12,1972,4,9,1990.0,9.0,12.0
291,645,1972-04-09,1990-09-12,1972,4,9,1990.0,9.0,12.0
292,265,1972-05-12,1989-11-07,1972,5,12,1989.0,11.0,7.0
292,360,1972-05-12,1989-11-07,1972,5,12,1989.0,11.0,7.0
293,500,1972-06-28,1979-04-11,1972,6,28,1979.0,4.0,11.0
293,625,1972-06-28,1979-04-11,1972,6,28,1979.0,4.0,11.0
294,750,1972-07-02,,1972,7,2,,,
294,770,1972-07-02,,1972,7,2,,,
295,436,1974-03-09,1981-01-13,1974,3,9,1981.0,1.0,13.0
295,620,1974-03-09,1981-01-13,1974,3,9,1981.0,1.0,13.0
296,615,1975-12-28,1984-08-13,1975,12,28,1984.0,8.0,13.0
296,620,1975-12-28,1984-08-13,1975,12,28,1984.0,8.0,13.0
297,625,1976-07-15,1989-06-10,1976,7,15,1989.0,6.0,10.0
297,651,1976-07-15,1989-06-10,1976,7,15,1989.0,6.0,10.0
298,365,1976-10-08,1991-12-25,1976,10,8,1991.0,12.0,25.0
298,540,1976-10-08,1991-12-25,1976,10,8,1991.0,12.0,25.0
299,365,1977-03-31,1991-12-25,1977,3,31,1991.0,12.0,25.0
299,541,1977-03-31,1991-12-25,1977,3,31,1991.0,12.0,25.0
300,402,1978-04-22,1981-05-29,1978,4,22,1981.0,5.0,29.0
300,404,1978-04-22,1981-05-29,1978,4,22,1981.0,5.0,29.0
300,420,1978-04-22,1981-05-29,1978,4,22,1981.0,5.0,29.0
300,432,1977-06-09,1981-05-29,1977,6,9,1981.0,5.0,29.0
300,433,1977-06-09,1981-05-29,1977,6,9,1981.0,5.0,29.0
300,434,1978-04-22,1981-05-29,1978,4,22,1981.0,5.0,29.0
300,435,1977-06-09,1981-05-29,1977,6,9,1981.0,5.0,29.0
300,436,1977-06-09,1981-05-29,1977,6,9,1981.0,5.0,29.0
300,437,1977-06-09,1981-05-29,1977,6,9,1981.0,5.0,29.0
300,438,1978-04-22,1981-05-29,1978,4,22,1981.0,5.0,29.0
300,439,1977-06-09,1981-05-29,1977,6,9,1981.0,5.0,29.0
300,450,1978-04-22,1981-05-29,1978,4,22,1981.0,5.0,29.0
300,451,1978-04-22,1981-05-29,1978,4,22,1981.0,5.0,29.0
300,452,1978-04-22,1981-05-29,1978,4,22,1981.0,5.0,29.0
300,461,1977-06-09,1981-05-29,1977,6,9,1981.0,5.0,29.0
300,475,1978-04-22,1981-05-29,1978,4,22,1981.0,5.0,29.0
301,365,1978-11-03,1991-12-25,1978,11,3,1991.0,12.0,25.0
301,816,1978-11-03,1991-12-25,1978,11,3,1991.0,12.0,25.0
302,365,1978-11-20,1991-12-25,1978,11,20,1991.0,12.0,25.0
302,530,1978-11-20,1991-12-25,1978,11,20,1991.0,12.0,25.0
303,155,1979-01-08,,1979,1,8,,,
303,160,1979-01-08,,1979,1,8,,,
304,438,1979-01-23,1991-03-31,1979,1,23,1991.0,3.0,31.0
304,438,2004-11-23,,2004,11,23,,,
304,450,1979-01-23,1991-03-31,1979,1,23,1991.0,3.0,31.0
304,450,2004-11-23,,2004,11,23,,,
305,265,1979-02-19,1989-11-07,1979,2,19,1989.0,11.0,7.0
305,540,1979-02-19,1989-11-07,1979,2,19,1989.0,11.0,7.0
306,265,1979-02-24,1989-11-07,1979,2,24,1989.0,11.0,7.0
306,541,1979-02-24,1989-11-07,1979,2,24,1989.0,11.0,7.0
307,490,1979-10-12,1982-02-28,1979,10,12,1982.0,2.0,28.0
307,540,1979-10-12,1982-02-28,1979,10,12,1982.0,2.0,28.0
307,551,1979-10-12,1982-02-28,1979,10,12,1982.0,2.0,28.0
308,365,1979-10-25,1990-05-22,1979,10,25,1990.0,5.0,22.0
308,680,1979-10-25,1990-05-22,1979,10,25,1990.0,5.0,22.0
309,265,1979-11-15,1989-11-07,1979,11,15,1989.0,11.0,7.0
309,530,1979-11-15,1989-11-07,1979,11,15,1989.0,11.0,7.0
310,265,1979-11-17,1989-11-07,1979,11,17,1989.0,11.0,7.0
310,680,1979-11-17,1989-11-07,1979,11,17,1989.0,11.0,7.0
311,530,1979-12-02,1990-05-22,1979,12,2,1990.0,5.0,22.0
311,680,1979-12-02,1990-05-22,1979,12,2,1990.0,5.0,22.0
312,404,1980-01-25,1999-05-07,1980,1,25,1999.0,5.0,7.0
312,438,1980-01-25,1999-05-07,1980,1,25,1999.0,5.0,7.0
313,483,1980-06-15,1982-06-19,1980,6,15,1982.0,6.0,19.0
313,620,1980-06-15,1982-06-19,1980,6,15,1982.0,6.0,19.0
314,620,1980-09-10,1980-12-18,1980,9,10,1980.0,12.0,18.0
314,652,1980-09-10,1980-12-18,1980,9,10,1980.0,12.0,18.0
315,325,1980-09-15,1984-12-05,1980,9,15,1984.0,12.0,5.0
315,338,1980-09-15,1984-12-05,1980,9,15,1984.0,12.0,5.0
316,365,1980-10-08,1991-12-25,1980,10,8,1991.0,12.0,25.0
316,652,1980-10-08,1991-12-25,1980,10,8,1991.0,12.0,25.0
317,365,1981-05-13,1991-01-01,1981,5,13,1991.0,1.0,1.0
317,484,1981-05-13,1991-01-01,1981,5,13,1991.0,1.0,1.0
318,402,1981-05-29,,1981,5,29,,,
318,404,1981-05-29,,1981,5,29,,,
318,420,1981-05-29,,1981,5,29,,,
318,432,1981-05-29,,1981,5,29,,,
318,433,1981-05-29,,1981,5,29,,,
318,434,1981-05-29,,1981,5,29,,,
318,435,1981-05-29,2000-12-26,1981,5,29,2000.0,12.0,26.0
318,436,1981-05-29,,1981,5,29,,,
318,437,1981-05-29,,1981,5,29,,,
318,438,1981-05-29,,1981,5,29,,,
318,439,1981-05-29,,1981,5,29,,,
318,450,1981-05-29,,1981,5,29,,,
318,451,1981-05-29,,1981,5,29,,,
318,452,1981-05-29,,1981,5,29,,,
318,461,1981-05-29,,1981,5,29,,,
318,475,1981-05-29,,1981,5,29,,,
319,54,1981-06-18,,1981,6,18,,,
319,55,1981-06-18,1983-10-25,1981,6,18,1983.0,10.0,25.0
319,56,1981-06-18,,1981,6,18,,,
319,57,1981-06-18,,1981,6,18,,,
319,58,1981-06-18,,1981,6,18,,,
319,60,1981-06-18,,1981,6,18,,,
320,530,1981-08-19,1986-02-01,1981,8,19,1986.0,2.0,1.0
320,620,1981-08-19,1986-02-01,1981,8,19,1986.0,2.0,1.0
320,680,1981-08-19,1986-02-01,1981,8,19,1986.0,2.0,1.0
321,310,1981-10-09,1989-10-07,1981,10,9,1989.0,10.0,7.0
321,540,1981-10-09,1989-10-07,1981,10,9,1989.0,10.0,7.0
322,420,1981-12-17,1989-09-21,1981,12,17,1989.0,9.0,21.0
322,433,1981-12-17,1989-09-21,1981,12,17,1989.0,9.0,21.0
323,560,1982-02-12,,1982,2,12,,,
323,572,1982-02-12,,1982,2,12,,,
324,315,1982-09-09,1989-12-10,1982,9,9,1989.0,12.0,10.0
324,620,1982-09-09,1989-12-10,1982,9,9,1989.0,12.0,10.0
325,355,1983-01-21,1989-11-10,1983,1,21,1989.0,11.0,10.0
325,620,1983-01-21,1989-11-10,1983,1,21,1989.0,11.0,10.0
326,435,1983-11-21,1989-02-17,1983,11,21,1989.0,2.0,17.0
326,615,1983-03-20,1989-02-17,1983,3,20,1989.0,2.0,17.0
326,616,1983-03-20,1989-02-17,1983,3,20,1989.0,2.0,17.0
327,660,1983-05-17,1984-05-17,1983,5,17,1984.0,5.0,17.0
327,666,1983-05-17,1984-05-17,1983,5,17,1984.0,5.0,17.0
328,541,1984-03-16,1994-05-10,1984,3,16,1994.0,5.0,10.0
328,560,1984-03-16,1994-05-10,1984,3,16,1994.0,5.0,10.0
329,600,1984-08-13,1986-08-29,1984,8,13,1986.0,8.0,29.0
329,620,1984-08-13,1986-08-29,1984,8,13,1986.0,8.0,29.0
330,338,1984-11-28,1989-11-26,1984,11,28,1989.0,11.0,26.0
330,620,1984-11-28,1989-11-26,1984,11,28,1989.0,11.0,26.0
331,155,1984-11-29,,1984,11,29,,,
331,160,1984-11-29,,1984,11,29,,,
332,438,1986-11-30,1991-03-31,1986,11,30,1991.0,3.0,31.0
332,450,1986-11-30,1991-03-31,1986,11,30,1991.0,3.0,31.0
332,451,1986-11-30,1991-03-31,1986,11,30,1991.0,3.0,31.0
333,700,1988-04-14,1989-02-11,1988,4,14,1989.0,2.0,11.0
333,770,1988-04-14,1989-02-11,1988,4,14,1989.0,2.0,11.0
334,435,1989-02-17,,1989,2,17,,,
334,600,1989-02-17,,1989,2,17,,,
334,615,1989-02-17,,1989,2,17,,,
334,616,1989-02-17,,1989,2,17,,,
334,620,1989-02-17,,1989,2,17,,,
335,645,1989-03-27,1990-08-02,1989,3,27,1990.0,8.0,2.0
335,670,1989-03-27,1990-08-02,1989,3,27,1990.0,8.0,2.0
336,220,1990-10-29,1991-12-25,1990,10,29,1991.0,12.0,25.0
336,365,1990-10-29,1991-12-25,1990,10,29,1991.0,12.0,25.0
337,255,1990-11-09,,1990,11,9,,,
337,365,1990-11-09,,1990,11,9,,,
338,325,1990-11-18,1991-12-25,1990,11,18,1991.0,12.0,25.0
338,365,1990-11-18,1991-12-25,1990,11,18,1991.0,12.0,25.0
339,652,1991-05-22,,1991,5,22,,,
339,660,1991-05-22,,1991,5,22,,,
340,360,1991-09-19,,1991,9,19,,,
340,640,1991-09-19,,1991,9,19,,,
341,350,1991-10-07,,1991,10,7,,,
341,355,1991-10-07,,1991,10,7,,,
342,350,1991-11-28,,1991,11,28,,,
342,360,1991-11-28,,1991,11,28,,,
343,310,1991-12-06,,1991,12,6,,,
343,369,1991-12-06,,1991,12,6,,,
344,731,1991-12-13,,1991,12,13,,,
344,732,1991-12-13,,1991,12,13,,,
345,365,1992-01-20,,1992,1,20,,,
345,375,1992-01-20,,1992,1,20,,,
346,355,1992-01-27,,1992,1,27,,,
346,360,1992-01-27,,1992,1,27,,,
347,220,1992-02-06,,1992,2,6,,,
347,365,1992-02-06,,1992,2,6,,,
348,355,1992-05-06,,1992,5,6,,,
348,640,1992-05-06,,1992,5,6,,,
349,359,1995-02-10,,1995,2,10,,,
349,365,1995-02-10,,1995,2,10,,,
349,369,1995-02-10,,1995,2,10,,,
349,370,1993-12-31,,1993,12,31,,,
349,371,1995-02-10,,1995,2,10,,,
349,372,1993-12-09,,1993,12,9,,,
349,373,1993-09-24,,1993,9,24,,,
349,701,1995-02-10,,1995,2,10,,,
349,702,1995-02-10,,1995,2,10,,,
349,703,1995-02-10,,1995,2,10,,,
349,704,1995-02-10,,1995,2,10,,,
349,705,1995-02-10,,1995,2,10,,,
350,365,1992-05-15,,1992,5,15,,,
350,370,1992-05-15,,1992,5,15,,,
350,371,1992-05-15,,1992,5,15,,,
350,372,1992-05-15,,1992,5,15,,,
350,373,1992-05-15,,1992,5,15,,,
350,702,1992-05-15,,1992,5,15,,,
350,703,1992-05-15,,1992,5,15,,,
350,704,1992-05-15,,1992,5,15,,,
350,705,1992-05-15,,1992,5,15,,,
351,290,1992-05-18,,1992,5,18,,,
351,369,1992-05-18,,1992,5,18,,,
352,290,1992-05-22,,1992,5,22,,,
352,365,1992-05-22,,1992,5,22,,,
353,365,1992-05-25,,1992,5,25,,,
353,705,1992-05-25,,1992,5,25,,,
354,365,1992-05-25,,1992,5,25,,,
354,640,1992-05-25,,1992,5,25,,,
355,365,1992-05-30,,1992,5,30,,,
355,704,1992-05-30,,1992,5,30,,,
356,339,1992-06-01,,1992,6,1,,,
356,640,1992-06-01,,1992,6,1,,,
357,365,1992-06-10,,1992,6,10,,,
357,703,1992-06-10,,1992,6,10,,,
358,20,1992-06-19,,1992,6,19,,,
358,365,1992-06-19,,1992,6,19,,,
359,290,1992-06-23,,1992,6,23,,,
359,370,1992-06-23,,1992,6,23,,,
360,290,1992-07-01,,1992,7,1,,,
360,367,1992-07-01,,1992,7,1,,,
361,290,1992-07-02,,1992,7,2,,,
361,366,1992-07-02,,1992,7,2,,,
362,344,1992-07-21,1999-06-21,1992,7,21,1999.0,6.0,21.0
362,346,1992-07-21,1999-06-21,1992,7,21,1999.0,6.0,21.0
363,365,1992-07-31,2002-07-31,1992,7,31,2002.0,7.0,31.0
363,701,1992-07-31,2002-07-31,1992,7,31,2002.0,7.0,31.0
364,355,1992-08-04,,1992,8,4,,,
364,365,1992-08-04,,1992,8,4,,,
365,703,1992-09-29,,1992,9,29,,,
365,704,1992-09-29,,1992,9,29,,,
366,359,1992-10-23,,1992,10,23,,,
366,369,1992-10-23,,1992,10,23,,,
367,316,1992-11-23,,1992,11,23,,,
367,317,1992-11-23,,1992,11,23,,,
368,365,2000-11-14,,2000,11,14,,,
368,712,2000-11-14,,2000,11,14,,,
369,339,1993-02-14,,1993,2,14,,,
369,355,1993-02-14,,1993,2,14,,,
370,290,1993-04-20,,1993,4,20,,,
370,372,1993-04-20,,1993,4,20,,,
371,365,1993-05-25,,1993,5,25,,,
371,702,1993-05-25,,1993,5,25,,,
372,317,1993-06-30,,1993,6,30,,,
372,369,1993-06-30,,1993,6,30,,,
373,317,1993-09-24,,1993,9,24,,,
373,360,1993-09-24,,1993,9,24,,,
374,355,1993-10-19,,1993,10,19,,,
374,370,1993-10-19,,1993,10,19,,,
375,220,1994-01-21,,1994,1,21,,,
375,372,1994-01-21,,1994,1,21,,,
376,368,1994-02-08,,1994,2,8,,,
376,369,1994-02-08,,1994,2,8,,,
377,373,1994-02-09,,1994,2,9,,,
377,640,1994-02-09,,1994,2,9,,,
378,290,1994-04-26,,1994,4,26,,,
378,368,1994-04-26,,1994,4,26,,,
379,344,1994-07-16,,1994,7,16,,,
379,640,1994-07-16,,1994,7,16,,,
380,663,1994-10-26,,1994,10,26,,,
380,666,1994-10-26,,1994,10,26,,,
381,290,1994-11-15,,1994,11,15,,,
381,359,1994-11-15,,1994,11,15,,,
382,368,1995-02-06,,1995,2,6,,,
382,370,1995-02-06,,1995,2,6,,,
383,359,1995-03-27,,1995,3,27,,,
383,368,1995-03-27,,1995,3,27,,,
384,367,1995-05-23,,1995,5,23,,,
384,369,1995-05-23,,1995,5,23,,,
385,367,1995-06-06,,1995,6,6,,,
385,704,1995-06-06,,1995,6,6,,,
386,344,1995-11-21,,1995,11,21,,,
386,345,1995-11-21,,1995,11,21,,,
386,346,1995-11-21,,1995,11,21,,,
387,850,1995-12-18,1999-09-16,1995,12,18,1999.0,9.0,16.0
387,900,1995-12-18,1999-09-16,1995,12,18,1999.0,9.0,16.0
388,53,1996-03-05,,1996,3,5,,,
388,54,1996-03-05,,1996,3,5,,,
388,55,1996-03-05,,1996,3,5,,,
388,56,1996-03-05,,1996,3,5,,,
388,57,1996-03-05,,1996,3,5,,,
388,58,1996-03-05,,1996,3,5,,,
388,60,1996-03-05,,1996,3,5,,,
389,365,1996-04-27,,1996,4,27,,,
389,702,1996-04-27,,1996,4,27,,,
389,703,1996-04-27,,1996,4,27,,,
389,704,2001-06-15,,2001,6,15,,,
389,705,1996-04-27,,1996,4,27,,,
389,710,1996-04-27,,1996,4,27,,,
390,369,1996-05-14,,1996,5,14,,,
390,371,1996-05-14,,1996,5,14,,,
391,290,1996-06-12,,1996,6,12,,,
391,350,1996-06-12,,1996,6,12,,,
392,317,1997-01-16,,1997,1,16,,,
392,704,1997-01-16,,1997,1,16,,,
393,365,1997-04-02,,1997,4,2,,,
393,370,1997-04-02,,1997,4,2,,,
394,482,1998-05-11,,1998,5,11,,,
394,484,1998-05-11,,1998,5,11,,,
395,484,1998-12-29,,1998,12,29,,,
395,490,1998-12-29,,1998,12,29,,,
396,484,1999-04-09,2001-08-14,1999,4,9,2001.0,8.0,14.0
396,540,1999-04-09,2001-08-14,1999,4,9,2001.0,8.0,14.0
396,552,1999-04-09,2001-08-14,1999,4,9,2001.0,8.0,14.0
396,565,1999-04-09,2001-08-14,1999,4,9,2001.0,8.0,14.0
397,365,2000-02-09,,2000,2,9,,,
397,731,2000-02-09,,2000,2,9,,,
398,403,2000-02-24,,2000,2,24,,,
398,411,2000-02-24,,2000,2,24,,,
398,471,2000-02-24,,2000,2,24,,,
398,481,2000-02-24,,2000,2,24,,,
398,482,2000-02-24,,2000,2,24,,,
398,483,2000-02-24,,2000,2,24,,,
398,484,2000-02-24,,2000,2,24,,,
398,490,2000-02-24,,2000,2,24,,,
398,516,2000-02-24,,2000,2,24,,,
398,517,2000-02-24,,2000,2,24,,,
398,540,2000-02-24,,2000,2,24,,,
399,530,2000-12-12,,2000,12,12,,,
399,531,2000-12-12,,2000,12,12,,,
400,670,2000-12-31,,2000,12,31,,,
400,690,2000-12-31,,2000,12,31,,,
400,692,2000-12-31,,2000,12,31,,,
400,694,2000-12-31,,2000,12,31,,,
400,696,2000-12-31,,2000,12,31,,,
400,698,2000-12-31,,2000,12,31,,,
401,365,2002-04-23,,2002,4,23,,,
401,701,2002-04-23,,2002,4,23,,,
402,630,2002-12-22,,2002,12,22,,,
402,700,2002-12-22,,2002,12,22,,,
402,701,2002-12-22,,2002,12,22,,,
402,702,2002-12-22,,2002,12,22,,,
402,704,2002-12-22,,2002,12,22,,,
402,710,2002-12-22,,2002,12,22,,,
402,770,2002-12-22,,2002,12,22,,,
403,365,2004-07-16,2008-06-14,2004,7,16,2008.0,6.0,14.0
403,372,2004-07-16,2008-06-14,2004,7,16,2008.0,6.0,14.0
404,373,2005-05-16,,2005,5,16,,,
404,630,2005-05-16,,2005,5,16,,,
405,365,2005-11-14,,2005,11,14,,,
405,704,2005-11-14,,2005,11,14,,,
406,630,2006-06-15,,2006,6,15,,,
406,652,2006-06-15,,2006,6,15,,,
407,482,2006-12-15,,2006,12,15,,,
407,484,2006-12-15,,2006,12,15,,,
407,490,2006-12-15,,2006,12,15,,,
407,500,2006-12-15,,2006,12,15,,,
407,501,2006-12-15,,2006,12,15,,,
407,510,2006-12-15,,2006,12,15,,,
407,516,2006-12-15,,2006,12,15,,,
407,517,2006-12-15,,2006,12,15,,,
407,540,2006-12-15,,2006,12,15,,,
407,551,2006-12-15,,2006,12,15,,,
407,625,2006-12-15,,2006,12,15,,,
408,390,2007-04-27,,2007,4,27,,,
408,395,2007-04-27,,2007,4,27,,,
409,483,2008-03-13,,2008,3,13,,,
409,625,2008-03-13,,2008,3,13,,,
410,365,2009-02-03,,2009,2,3,,,
410,370,2009-02-03,,2009,2,3,,,
411,365,2010-08-20,,2010,8,20,,,
411,371,2010-08-20,,2010,8,20,,,
412,625,2012-02-10,2012-03-27,2012,2,10,2012.0,3.0,27.0
412,626,2012-02-10,2012-03-27,2012,2,10,2012.0,3.0,27.0
413,651,1979-03-26,,1979,3,26,,,
413,666,1979-03-26,,1979,3,26,,,
414,2,1981-11-30,1991-12-26,1981,11,30,1991.0,12.0,26.0
414,666,1981-11-30,1991-12-26,1981,11,30,1991.0,12.0,26.0
