AllianceID,StateID,StartDate,Trait
1,200,1816-01-01,defense
1,235,1816-01-01,defense
3,240,1838-01-01,defense
3,240,1850-11-29,defense
3,245,1816-01-01,defense
3,245,1850-11-29,defense
3,255,1816-01-01,defense
3,255,1850-11-29,defense
3,267,1816-01-01,defense
3,267,1850-11-29,defense
3,269,1816-01-01,defense
3,269,1850-11-29,defense
3,271,1816-01-01,defense
3,271,1850-11-29,defense
3,273,1816-01-01,defense
3,273,1850-11-29,defense
3,275,1816-01-01,defense
3,275,1850-11-29,defense
3,280,1843-01-01,defense
3,280,1850-11-29,defense
3,300,1816-01-01,defense
3,300,1850-11-29,defense
4,300,1816-01-01,defense
4,329,1816-01-01,defense
5,300,1816-01-01,defense
5,337,1816-01-01,defense
6,200,1816-01-01,defense
6,255,1816-01-01,defense
6,300,1816-01-01,defense
6,365,1816-01-01,defense
7,210,1816-08-10,defense
7,230,1816-08-10,defense
9,300,1831-07-23,defense
9,325,1831-07-23,defense
10,200,1832-10-22,defense
10,220,1832-10-22,defense
11,220,1832-11-10,defense
12,255,1833-03-09,defense
12,300,1833-03-09,defense
12,365,1833-03-09,defense
13,325,1833-03-28,defense
13,329,1833-03-28,defense
14,365,1833-07-08,defense
14,640,1833-07-08,defense
16,300,1833-09-19,defense
16,365,1833-09-19,defense
17,255,1833-10-15,defense
17,300,1833-10-15,defense
17,365,1833-10-15,defense
18,255,1833-10-16,defense
18,365,1833-10-16,defense
19,200,1834-04-22,defense
19,230,1834-04-22,defense
20,200,1840-07-15,defense
20,255,1840-07-15,defense
20,300,1840-07-15,defense
20,365,1840-07-15,defense
22,200,1847-05-21,defense
22,220,1847-05-21,defense
22,230,1847-05-21,defense
23,300,1847-12-24,defense
23,332,1847-12-24,defense
24,300,1851-01-01,defense
24,335,1851-01-01,defense
25,240,1849-05-26,defense
25,255,1849-05-26,defense
25,269,1849-05-26,defense
26,245,1850-10-12,defense
26,271,1850-10-12,defense
26,300,1850-10-12,defense
27,255,1851-05-16,defense
27,300,1851-05-16,defense
28,200,1854-03-12,defense
28,220,1854-03-12,defense
28,325,1855-03-15,defense
29,200,1854-04-10,defense
29,220,1854-04-10,defense
29,325,1855-01-26,defense
30,255,1854-04-20,defense
30,300,1854-04-20,defense
31,300,1854-06-14,defense
32,200,1854-12-02,defense
32,220,1854-12-02,defense
32,300,1854-12-02,defense
34,200,1855-11-21,defense
34,220,1855-11-21,defense
35,200,1856-04-15,defense
35,220,1856-04-15,defense
35,300,1856-04-15,defense
37,140,1859-01-02,defense
37,160,1859-01-02,defense
38,220,1859-01-19,defense
40,130,1860-01-26,defense
40,135,1860-01-26,defense
43,255,1863-02-08,defense
43,365,1863-02-08,defense
44,135,1863-11-05,defense
44,145,1863-11-05,defense
45,100,1864-01-01,defense
45,130,1864-01-01,defense
46,255,1864-01-16,defense
46,300,1864-01-16,defense
48,140,1865-05-01,defense
48,160,1865-05-01,defense
48,165,1882-01-01,defense
49,130,1866-01-30,defense
49,135,1865-12-05,defense
49,145,1866-04-11,defense
49,155,1865-12-05,defense
50,255,1866-04-08,defense
50,325,1866-04-08,defense
52,255,1866-08-13,defense
52,271,1866-08-13,defense
53,255,1866-08-17,defense
53,267,1866-08-17,defense
54,255,1866-08-21,defense
54,280,1866-08-21,defense
55,245,1866-08-22,defense
55,255,1866-08-22,defense
56,255,1867-04-11,defense
59,135,1873-02-06,defense
59,145,1873-02-06,defense
60,255,1873-05-06,defense
60,365,1873-05-06,defense
63,200,1878-06-04,defense
64,255,1879-10-07,defense
64,300,1879-10-07,defense
67,255,1882-05-20,defense
67,300,1882-05-20,defense
67,325,1882-05-20,defense
68,255,1883-10-30,defense
68,300,1883-10-30,defense
68,360,1883-10-30,defense
74,220,1893-12-27,defense
74,365,1893-12-27,defense
75,740,1894-08-26,defense
76,365,1896-06-03,defense
76,710,1896-06-03,defense
77,200,1902-01-30,defense
77,740,1902-01-30,defense
79,345,1908-01-01,defense
79,355,1908-01-01,defense
82,255,1905-07-24,defense
82,365,1905-07-24,defense
89,345,1912-02-29,defense
89,355,1912-02-29,defense
90,350,1912-05-16,defense
90,355,1912-05-16,defense
92,345,1913-05-19,defense
92,350,1913-05-19,defense
93,255,1914-08-02,defense
94,355,1914-08-19,defense
94,640,1914-08-19,defense
95,300,1914-08-19,defense
95,355,1914-08-19,defense
96,255,1914-09-06,defense
96,355,1914-09-06,defense
97,365,1914-10-01,defense
98,200,1915-04-26,defense
98,220,1915-04-26,defense
98,325,1915-04-26,defense
98,365,1915-04-26,defense
99,255,1915-09-06,defense
99,300,1915-09-06,defense
99,355,1915-09-06,defense
100,365,1916-07-03,defense
100,740,1916-07-03,defense
101,200,1916-08-17,defense
101,220,1916-08-17,defense
101,325,1916-08-17,defense
101,365,1916-08-17,defense
102,315,1920-08-14,defense
102,345,1920-08-14,defense
103,211,1920-09-07,defense
103,220,1920-09-07,defense
104,220,1921-02-19,defense
104,290,1921-02-19,defense
105,365,1921-02-26,defense
105,630,1921-02-26,defense
106,640,1921-03-01,defense
106,700,1921-03-01,defense
107,290,1921-03-03,defense
107,360,1921-03-03,defense
108,315,1921-04-23,defense
108,360,1921-04-23,defense
109,345,1921-06-07,defense
109,360,1921-06-07,defense
114,366,1923-11-01,defense
114,367,1923-11-01,defense
118,200,1925-10-16,defense
118,211,1925-10-16,defense
118,220,1925-10-16,defense
118,255,1925-10-16,defense
118,325,1925-10-16,defense
119,220,1925-10-16,defense
119,290,1925-10-16,defense
120,220,1925-10-16,defense
120,315,1925-10-16,defense
133,325,1927-11-22,defense
133,339,1927-11-22,defense
143,200,1932-10-03,defense
143,645,1932-10-03,defense
154,345,1934-02-09,defense
154,350,1934-02-09,defense
154,360,1934-02-09,defense
154,640,1934-02-09,defense
159,220,1935-05-02,defense
159,365,1935-05-02,defense
160,315,1935-05-16,defense
160,315,1945-05-10,defense
160,365,1935-05-16,defense
160,365,1945-05-10,defense
161,365,1936-03-12,defense
161,712,1936-03-12,defense
163,200,1937-05-26,defense
169,200,1937-09-14,defense
169,220,1937-09-14,defense
169,345,1937-09-14,defense
169,350,1937-09-14,defense
169,355,1937-09-14,defense
169,360,1937-09-14,defense
169,365,1937-09-14,defense
169,640,1937-09-14,defense
169,651,1937-09-14,defense
174,200,1939-04-06,defense
174,290,1939-04-06,defense
175,255,1939-05-22,defense
175,325,1939-05-22,defense
179,220,1939-06-23,defense
179,640,1939-06-23,defense
181,365,1939-09-28,defense
182,365,1939-10-05,defense
183,365,1939-10-10,defense
184,200,1939-10-19,defense
184,220,1939-10-19,defense
184,640,1939-10-19,defense
189,255,1940-09-27,defense
189,310,1940-11-20,defense
189,325,1940-09-27,defense
189,355,1941-03-01,defense
189,360,1940-11-23,defense
189,740,1940-09-27,defense
193,200,1941-07-12,defense
193,365,1941-07-12,defense
194,740,1941-12-21,defense
194,800,1941-12-21,defense
195,200,1942-01-29,defense
195,365,1942-01-29,defense
195,630,1942-01-29,defense
196,900,1944-01-21,defense
196,920,1944-01-21,defense
197,220,1944-12-10,defense
197,365,1944-12-10,defense
198,2,1945-03-06,defense
198,40,1945-03-06,defense
198,41,1945-03-06,defense
198,42,1945-03-06,defense
198,70,1945-03-06,defense
198,90,1945-03-06,defense
198,91,1945-03-06,defense
198,93,1945-03-06,defense
198,94,1945-03-06,defense
198,95,1945-03-06,defense
198,100,1945-03-06,defense
198,101,1945-03-06,defense
198,130,1945-03-06,defense
198,135,1945-03-06,defense
198,140,1945-03-06,defense
198,145,1945-03-06,defense
198,150,1945-03-06,defense
198,155,1945-03-06,defense
198,160,1945-03-06,defense
198,165,1945-03-06,defense
200,345,1945-04-11,defense
200,365,1945-04-11,defense
201,290,1945-04-21,defense
201,365,1945-04-21,defense
202,365,1945-08-14,defense
202,710,1945-08-14,defense
203,290,1946-03-18,defense
203,345,1946-03-18,defense
204,200,1946-03-22,defense
205,315,1946-05-09,defense
205,345,1946-05-09,defense
206,339,1946-07-09,defense
206,345,1946-07-09,defense
207,200,1947-03-04,defense
207,220,1947-03-04,defense
208,290,1947-03-10,defense
208,315,1947-03-10,defense
210,2,1947-09-02,defense
210,20,1989-11-13,defense
210,31,1982-03-03,defense
210,40,1947-09-02,defense
210,41,1947-09-02,defense
210,42,1947-09-02,defense
210,51,1969-06-27,defense
210,52,1967-03-13,defense
210,53,1967-10-09,defense
210,54,1979-05-22,defense
210,55,1975-05-13,defense
210,56,1979-05-22,defense
210,57,1981-12-03,defense
210,58,1981-12-03,defense
210,60,1984-03-12,defense
210,70,1947-09-02,defense
210,80,1991-01-08,defense
210,90,1947-09-02,defense
210,91,1947-09-02,defense
210,92,1947-09-02,defense
210,93,1947-09-02,defense
210,94,1947-09-02,defense
210,95,1947-09-02,defense
210,100,1947-09-02,defense
210,101,1947-09-02,defense
210,110,1991-01-08,defense
210,115,1977-02-22,defense
210,130,1947-09-02,defense
210,135,1947-09-02,defense
210,140,1947-09-02,defense
210,145,1947-09-02,defense
210,150,1947-09-02,defense
210,155,1947-09-02,defense
210,160,1947-09-02,defense
210,165,1947-09-02,defense
211,310,1947-12-08,defense
211,345,1947-12-08,defense
212,339,1947-12-16,defense
212,355,1947-12-16,defense
213,345,1947-12-19,defense
213,360,1947-12-19,defense
214,355,1970-11-19,defense
214,360,1970-11-19,defense
215,310,1948-01-24,defense
215,360,1948-01-24,defense
216,360,1948-02-04,defense
216,365,1948-02-04,defense
217,310,1948-02-18,defense
217,365,1948-02-18,defense
218,200,1948-03-17,defense
218,210,1948-03-17,defense
218,211,1948-03-17,defense
218,212,1948-03-17,defense
218,220,1948-03-17,defense
218,230,1988-11-14,defense
218,235,1988-11-14,defense
218,260,1955-05-05,defense
218,325,1954-10-23,defense
218,350,1992-11-20,defense
219,355,1948-03-18,defense
219,365,1948-03-18,defense
220,365,1948-04-06,defense
220,375,1948-04-06,defense
221,315,1968-04-26,defense
221,355,1968-04-26,defense
222,290,1948-05-29,defense
222,355,1948-05-29,defense
223,290,1948-06-18,defense
223,310,1948-06-18,defense
224,310,1948-07-16,defense
224,355,1948-07-16,defense
225,315,1948-07-21,defense
225,360,1948-07-21,defense
226,290,1949-01-26,defense
226,360,1949-01-26,defense
227,2,1949-04-04,defense
227,20,1949-04-04,defense
227,200,1949-04-04,defense
227,210,1949-04-04,defense
227,211,1949-04-04,defense
227,212,1949-04-04,defense
227,220,1949-04-04,defense
227,230,1981-12-10,defense
227,235,1949-04-04,defense
227,255,1990-10-03,defense
227,260,1954-10-23,defense
227,290,1999-03-12,defense
227,310,1999-03-12,defense
227,316,1999-03-12,defense
227,325,1949-04-04,defense
227,350,1951-10-22,defense
227,385,1949-04-04,defense
227,390,1949-04-04,defense
227,395,1949-04-04,defense
227,640,1951-10-22,defense
228,310,1949-04-16,defense
228,315,1949-04-16,defense
229,365,1950-02-14,defense
229,710,1950-02-14,defense
230,520,1974-05-20,defense
230,600,1961-06-13,defense
230,615,1964-09-11,defense
230,616,1953-10-11,defense
230,620,1964-09-11,defense
230,625,1964-09-11,defense
230,645,1952-08-07,defense
230,651,1950-06-17,defense
230,651,1989-05-22,defense
230,652,1950-06-17,defense
230,652,1961-09-29,defense
230,660,1950-06-17,defense
230,663,1952-03-31,defense
230,670,1950-06-17,defense
230,678,1950-06-17,defense
230,679,1990-05-22,defense
230,680,1971-11-23,defense
230,690,1961-08-12,defense
230,692,1971-11-14,defense
230,694,1971-11-14,defense
230,696,1953-10-11,defense
231,2,1951-08-30,defense
231,840,1951-08-30,defense
232,2,1951-09-01,defense
232,900,1951-09-01,defense
232,920,1951-09-01,defense
233,2,1951-09-08,defense
234,345,1954-08-09,defense
234,350,1954-08-09,defense
234,640,1954-08-09,defense
235,200,1953-07-29,defense
236,2,1953-10-01,defense
240,2,1954-12-02,defense
240,713,1954-12-02,defense
242,200,1955-04-04,defense
243,265,1955-05-14,defense
243,290,1955-05-14,defense
243,310,1955-05-14,defense
243,315,1955-05-14,defense
243,339,1955-05-14,defense
243,355,1955-05-14,defense
243,360,1955-05-14,defense
243,365,1955-05-14,defense
245,651,1955-10-20,defense
245,652,1955-10-20,defense
245,663,1956-10-24,defense
246,651,1955-10-27,defense
246,670,1955-10-27,defense
247,651,1956-04-21,defense
247,670,1956-04-21,defense
247,678,1956-04-21,defense
250,616,1957-01-06,defense
250,620,1957-01-06,defense
251,200,1957-10-12,defense
252,2,1958-05-12,defense
252,20,1958-05-12,defense
254,2,1959-03-05,defense
255,2,1959-03-05,defense
258,220,1960-08-15,defense
258,482,1960-08-15,defense
258,483,1960-08-15,defense
258,484,1960-08-15,defense
259,350,1960-08-16,defense
259,640,1960-08-16,defense
260,220,1960-08-17,defense
260,481,1960-08-17,defense
263,432,1961-04-29,defense
263,438,1961-04-29,defense
263,452,1961-04-29,defense
264,365,1961-07-06,defense
264,731,1961-07-06,defense
265,710,1961-07-11,defense
265,731,1961-07-11,defense
266,433,1961-09-09,defense
266,434,1961-09-09,defense
266,435,1961-09-09,defense
266,436,1961-09-09,defense
266,437,1961-09-09,defense
266,439,1961-09-09,defense
266,461,1963-07-09,defense
266,471,1961-09-09,defense
266,481,1961-09-09,defense
266,482,1961-09-09,defense
266,483,1961-09-09,defense
266,484,1961-09-09,defense
266,517,1963-03-09,defense
266,580,1961-09-09,defense
269,651,1962-11-10,defense
269,678,1962-11-10,defense
270,501,1963-11-22,defense
270,530,1963-11-22,defense
271,90,1963-12-14,defense
271,91,1963-12-14,defense
271,92,1963-12-14,defense
271,93,1963-12-14,defense
271,94,1963-12-14,defense
271,95,1963-12-14,defense
272,265,1964-06-12,defense
272,365,1964-06-12,defense
273,490,1966-08-30,defense
273,516,1966-08-30,defense
273,517,1966-08-30,defense
274,651,1966-11-04,defense
274,652,1966-11-04,defense
275,265,1967-03-15,defense
275,290,1967-03-15,defense
276,265,1967-03-17,defense
276,315,1967-03-17,defense
277,265,1967-05-18,defense
277,310,1967-05-18,defense
278,645,1967-06-04,defense
278,651,1967-05-30,defense
278,663,1967-05-30,defense
279,265,1967-09-07,defense
279,355,1967-09-07,defense
281,482,1968-04-02,defense
281,483,1968-04-02,defense
281,484,1968-04-02,defense
292,265,1972-05-12,defense
292,360,1972-05-12,defense
293,500,1972-06-28,defense
293,625,1972-06-28,defense
295,436,1974-03-09,defense
295,620,1974-03-09,defense
296,615,1975-12-28,defense
296,620,1975-12-28,defense
297,625,1976-07-15,defense
297,651,1976-07-15,defense
312,404,1980-01-25,defense
312,438,1980-01-25,defense
314,620,1980-09-10,defense
314,652,1980-09-10,defense
315,325,1980-09-15,defense
318,402,1981-05-29,defense
318,404,1981-05-29,defense
318,420,1981-05-29,defense
318,432,1981-05-29,defense
318,433,1981-05-29,defense
318,434,1981-05-29,defense
318,435,1981-05-29,defense
318,436,1981-05-29,defense
318,437,1981-05-29,defense
318,438,1981-05-29,defense
318,439,1981-05-29,defense
318,450,1981-05-29,defense
318,451,1981-05-29,defense
318,452,1981-05-29,defense
318,461,1981-05-29,defense
318,475,1981-05-29,defense
319,54,1981-06-18,defense
319,55,1981-06-18,defense
319,56,1981-06-18,defense
319,57,1981-06-18,defense
319,58,1981-06-18,defense
319,60,1981-06-18,defense
320,530,1981-08-19,defense
320,620,1981-08-19,defense
320,680,1981-08-19,defense
322,420,1981-12-17,defense
322,433,1981-12-17,defense
330,620,1984-11-28,defense
334,435,1989-02-17,defense
334,600,1989-02-17,defense
334,615,1989-02-17,defense
334,616,1989-02-17,defense
334,620,1989-02-17,defense
349,359,1995-02-10,defense
349,365,1995-02-10,defense
349,369,1995-02-10,defense
349,370,1993-12-31,defense
349,371,1995-02-10,defense
349,372,1993-12-09,defense
349,373,1993-09-24,defense
349,701,1995-02-10,defense
349,702,1995-02-10,defense
349,703,1995-02-10,defense
349,704,1995-02-10,defense
349,705,1995-02-10,defense
350,365,1992-05-15,defense
350,370,1992-05-15,defense
350,371,1992-05-15,defense
350,372,1992-05-15,defense
350,373,1992-05-15,defense
350,702,1992-05-15,defense
350,703,1992-05-15,defense
350,704,1992-05-15,defense
350,705,1992-05-15,defense
353,365,1992-05-25,defense
353,705,1992-05-25,defense
355,365,1992-05-30,defense
355,704,1992-05-30,defense
357,365,1992-06-10,defense
357,703,1992-06-10,defense
362,344,1992-07-21,defense
362,346,1992-07-21,defense
363,365,1992-07-31,defense
363,701,1992-07-31,defense
365,703,1992-09-29,defense
365,704,1992-09-29,defense
367,316,1992-11-23,defense
367,317,1992-11-23,defense
371,365,1993-05-25,defense
371,702,1993-05-25,defense
377,373,1994-02-09,defense
377,640,1994-02-09,defense
388,53,1996-03-05,defense
388,54,1996-03-05,defense
388,55,1996-03-05,defense
388,56,1996-03-05,defense
388,57,1996-03-05,defense
388,58,1996-03-05,defense
388,60,1996-03-05,defense
393,365,1997-04-02,defense
393,370,1997-04-02,defense
394,482,1998-05-11,defense
394,484,1998-05-11,defense
396,484,1999-04-09,defense
396,540,1999-04-09,defense
396,552,1999-04-09,defense
396,565,1999-04-09,defense
398,403,2000-02-24,defense
398,411,2000-02-24,defense
398,471,2000-02-24,defense
398,481,2000-02-24,defense
398,482,2000-02-24,defense
398,483,2000-02-24,defense
398,484,2000-02-24,defense
398,490,2000-02-24,defense
398,516,2000-02-24,defense
398,517,2000-02-24,defense
398,540,2000-02-24,defense
400,670,2000-12-31,defense
400,690,2000-12-31,defense
400,692,2000-12-31,defense
400,694,2000-12-31,defense
400,696,2000-12-31,defense
400,698,2000-12-31,defense
405,365,2005-11-14,defense
405,704,2005-11-14,defense
407,482,2006-12-15,defense
407,484,2006-12-15,defense
407,490,2006-12-15,defense
407,500,2006-12-15,defense
407,501,2006-12-15,defense
407,510,2006-12-15,defense
407,516,2006-12-15,defense
407,517,2006-12-15,defense
407,540,2006-12-15,defense
407,551,2006-12-15,defense
407,625,2006-12-15,defense
408,390,2007-04-27,defense
410,365,2009-02-03,defense
410,370,2009-02-03,defense
411,365,2010-08-20,defense
36,150,1856-07-29,neutrality
36,160,1856-07-29,neutrality
37,140,1859-01-02,neutrality
37,160,1859-01-02,neutrality
39,365,1859-03-03,neutrality
40,130,1860-01-26,neutrality
40,135,1860-01-26,neutrality
42,240,1862-02-02,neutrality
42,245,1862-02-02,neutrality
42,269,1862-02-02,neutrality
42,271,1862-01-29,neutrality
42,275,1862-02-02,neutrality
51,220,1866-06-12,neutrality
57,200,1870-08-09,neutrality
57,255,1870-08-09,neutrality
58,200,1870-08-11,neutrality
58,220,1870-08-11,neutrality
62,300,1877-01-15,neutrality
64,255,1879-10-07,neutrality
64,300,1879-10-07,neutrality
65,345,1881-06-16,neutrality
66,255,1881-06-18,neutrality
66,300,1881-06-18,neutrality
66,365,1881-06-18,neutrality
71,365,1887-06-18,neutrality
77,200,1902-01-30,neutrality
77,740,1902-01-30,neutrality
78,220,1902-11-01,neutrality
78,325,1902-11-01,neutrality
81,300,1904-10-15,neutrality
81,365,1904-10-15,neutrality
84,91,1907-12-20,neutrality
88,130,1911-04-17,neutrality
88,145,1911-04-17,neutrality
89,345,1912-02-29,neutrality
89,355,1912-02-29,neutrality
90,355,1912-05-16,neutrality
92,345,1913-05-19,neutrality
92,350,1913-05-19,neutrality
97,360,1914-10-01,neutrality
110,630,1921-06-22,neutrality
110,700,1921-06-22,neutrality
112,305,1921-12-16,neutrality
112,315,1921-12-16,neutrality
116,325,1924-01-27,neutrality
116,345,1924-01-27,neutrality
121,365,1925-12-17,neutrality
121,640,1925-12-17,neutrality
122,630,1926-04-22,neutrality
122,640,1926-04-22,neutrality
123,255,1926-04-24,neutrality
123,365,1926-04-24,neutrality
124,220,1926-06-10,neutrality
124,360,1926-06-10,neutrality
125,230,1926-08-07,neutrality
125,325,1926-08-07,neutrality
126,365,1926-08-31,neutrality
126,700,1926-08-31,neutrality
131,365,1927-10-01,neutrality
131,630,1927-10-01,neutrality
136,325,1928-05-30,neutrality
136,640,1928-05-30,neutrality
138,325,1928-09-23,neutrality
138,350,1928-09-23,neutrality
139,310,1929-01-05,neutrality
139,640,1929-01-05,neutrality
140,355,1929-03-06,neutrality
140,640,1929-03-06,neutrality
141,345,1929-03-27,neutrality
141,350,1929-03-27,neutrality
142,220,1930-02-03,neutrality
142,640,1930-02-03,neutrality
144,350,1930-10-30,neutrality
144,640,1930-10-30,neutrality
145,365,1932-01-21,neutrality
145,375,1932-01-21,neutrality
148,290,1932-07-25,neutrality
148,365,1932-07-25,neutrality
149,220,1932-11-29,neutrality
149,365,1932-11-29,neutrality
150,325,1933-09-02,neutrality
150,365,1933-09-02,neutrality
151,360,1933-10-17,neutrality
151,640,1933-10-17,neutrality
156,670,1934-05-20,neutrality
156,678,1934-05-20,neutrality
160,315,1935-05-16,neutrality
160,315,1945-05-10,neutrality
160,365,1935-05-16,neutrality
160,365,1945-05-10,neutrality
164,230,1939-04-07,neutrality
164,255,1936-11-25,neutrality
164,310,1939-02-24,neutrality
164,325,1937-11-06,neutrality
164,740,1936-11-25,neutrality
166,325,1937-03-25,neutrality
166,345,1937-03-25,neutrality
168,365,1937-08-21,neutrality
168,710,1937-08-21,neutrality
173,230,1939-03-17,neutrality
173,235,1939-03-17,neutrality
176,255,1939-05-31,neutrality
176,390,1939-05-31,neutrality
177,255,1939-06-07,neutrality
177,366,1939-06-07,neutrality
178,255,1939-06-07,neutrality
178,367,1939-06-07,neutrality
180,255,1939-08-23,neutrality
180,365,1939-08-23,neutrality
187,200,1940-06-12,neutrality
187,800,1940-06-12,neutrality
188,740,1940-06-12,neutrality
188,800,1940-06-12,neutrality
190,345,1941-04-05,neutrality
190,365,1941-04-05,neutrality
191,365,1941-04-13,neutrality
191,740,1941-04-13,neutrality
249,200,1956-10-24,neutrality
249,220,1956-10-24,neutrality
249,666,1956-10-24,neutrality
267,2,1962-07-23,neutrality
267,20,1962-07-23,neutrality
267,200,1962-07-23,neutrality
267,220,1962-07-23,neutrality
267,290,1962-07-23,neutrality
267,365,1962-07-23,neutrality
267,710,1962-07-23,neutrality
267,750,1962-07-23,neutrality
267,775,1962-07-23,neutrality
267,800,1962-07-23,neutrality
267,811,1962-07-23,neutrality
267,816,1962-07-23,neutrality
267,817,1962-07-23,neutrality
290,750,1972-03-19,neutrality
290,771,1972-03-19,neutrality
305,265,1979-02-19,neutrality
305,540,1979-02-19,neutrality
315,325,1980-09-15,neutrality
315,338,1980-09-15,neutrality
328,541,1984-03-16,neutrality
328,560,1984-03-16,neutrality
330,338,1984-11-28,neutrality
332,438,1986-11-30,neutrality
332,450,1986-11-30,neutrality
332,451,1986-11-30,neutrality
337,255,1990-11-09,neutrality
337,365,1990-11-09,neutrality
338,325,1990-11-18,neutrality
338,365,1990-11-18,neutrality
340,360,1991-09-19,neutrality
340,640,1991-09-19,neutrality
341,350,1991-10-07,neutrality
341,355,1991-10-07,neutrality
342,350,1991-11-28,neutrality
342,360,1991-11-28,neutrality
343,310,1991-12-06,neutrality
343,369,1991-12-06,neutrality
345,365,1992-01-20,neutrality
345,375,1992-01-20,neutrality
346,355,1992-01-27,neutrality
346,360,1992-01-27,neutrality
348,355,1992-05-06,neutrality
348,640,1992-05-06,neutrality
351,290,1992-05-18,neutrality
351,369,1992-05-18,neutrality
352,290,1992-05-22,neutrality
352,365,1992-05-22,neutrality
354,365,1992-05-25,neutrality
354,640,1992-05-25,neutrality
356,339,1992-06-01,neutrality
356,640,1992-06-01,neutrality
357,365,1992-06-10,neutrality
357,703,1992-06-10,neutrality
358,20,1992-06-19,neutrality
358,365,1992-06-19,neutrality
359,290,1992-06-23,neutrality
359,370,1992-06-23,neutrality
360,290,1992-07-01,neutrality
360,367,1992-07-01,neutrality
361,290,1992-07-02,neutrality
361,366,1992-07-02,neutrality
364,355,1992-08-04,neutrality
364,365,1992-08-04,neutrality
366,359,1992-10-23,neutrality
366,369,1992-10-23,neutrality
369,339,1993-02-14,neutrality
369,355,1993-02-14,neutrality
370,290,1993-04-20,neutrality
370,372,1993-04-20,neutrality
371,365,1993-05-25,neutrality
371,702,1993-05-25,neutrality
372,317,1993-06-30,neutrality
372,369,1993-06-30,neutrality
373,317,1993-09-24,neutrality
373,360,1993-09-24,neutrality
374,355,1993-10-19,neutrality
374,370,1993-10-19,neutrality
376,368,1994-02-08,neutrality
376,369,1994-02-08,neutrality
378,290,1994-04-26,neutrality
378,368,1994-04-26,neutrality
379,344,1994-07-16,neutrality
379,640,1994-07-16,neutrality
380,663,1994-10-26,neutrality
380,666,1994-10-26,neutrality
381,290,1994-11-15,neutrality
381,359,1994-11-15,neutrality
382,368,1995-02-06,neutrality
382,370,1995-02-06,neutrality
383,359,1995-03-27,neutrality
383,368,1995-03-27,neutrality
384,367,1995-05-23,neutrality
384,369,1995-05-23,neutrality
385,367,1995-06-06,neutrality
385,704,1995-06-06,neutrality
390,369,1996-05-14,neutrality
390,371,1996-05-14,neutrality
392,317,1997-01-16,neutrality
392,704,1997-01-16,neutrality
1,200,1816-01-01,nonaggression
1,235,1816-01-01,nonaggression
3,240,1838-01-01,nonaggression
3,240,1850-11-29,nonaggression
3,245,1816-01-01,nonaggression
3,245,1850-11-29,nonaggression
3,255,1816-01-01,nonaggression
3,255,1850-11-29,nonaggression
3,267,1816-01-01,nonaggression
3,267,1850-11-29,nonaggression
3,269,1816-01-01,nonaggression
3,269,1850-11-29,nonaggression
3,271,1816-01-01,nonaggression
3,271,1850-11-29,nonaggression
3,273,1816-01-01,nonaggression
3,273,1850-11-29,nonaggression
3,275,1816-01-01,nonaggression
3,275,1850-11-29,nonaggression
3,280,1843-01-01,nonaggression
3,280,1850-11-29,nonaggression
3,300,1816-01-01,nonaggression
3,300,1850-11-29,nonaggression
44,135,1863-11-05,nonaggression
44,145,1863-11-05,nonaggression
45,100,1864-01-01,nonaggression
45,130,1864-01-01,nonaggression
47,220,1864-09-15,nonaggression
47,325,1864-09-15,nonaggression
70,230,1887-05-04,nonaggression
70,255,1887-05-21,nonaggression
70,300,1887-05-21,nonaggression
70,325,1887-05-04,nonaggression
84,90,1907-12-20,nonaggression
84,91,1907-12-20,nonaggression
84,92,1907-12-20,nonaggression
84,93,1907-12-20,nonaggression
84,94,1907-12-20,nonaggression
88,130,1911-04-17,nonaggression
88,145,1911-04-17,nonaggression
113,90,1923-02-07,nonaggression
113,91,1923-02-07,nonaggression
113,92,1923-02-07,nonaggression
113,93,1923-02-07,nonaggression
113,94,1923-02-07,nonaggression
118,211,1925-10-16,nonaggression
118,220,1925-10-16,nonaggression
118,255,1925-10-16,nonaggression
121,365,1925-12-17,nonaggression
121,640,1925-12-17,nonaggression
122,630,1926-04-22,nonaggression
122,640,1926-04-22,nonaggression
126,365,1926-08-31,nonaggression
126,700,1926-08-31,nonaggression
129,365,1926-09-28,nonaggression
129,368,1926-09-28,nonaggression
131,365,1927-10-01,nonaggression
131,630,1927-10-01,nonaggression
132,220,1927-11-11,nonaggression
132,345,1927-11-11,nonaggression
134,350,1928-03-21,nonaggression
134,360,1928-03-21,nonaggression
135,640,1928-05-25,nonaggression
135,700,1928-05-25,nonaggression
137,325,1928-08-02,nonaggression
137,530,1928-08-02,nonaggression
145,365,1932-01-21,nonaggression
145,375,1932-01-21,nonaggression
146,365,1932-02-05,nonaggression
146,367,1932-02-05,nonaggression
147,365,1932-05-04,nonaggression
147,366,1932-05-04,nonaggression
148,290,1932-07-25,nonaggression
148,365,1932-07-25,nonaggression
149,220,1932-11-29,nonaggression
149,365,1932-11-29,nonaggression
150,325,1933-09-02,nonaggression
150,365,1933-09-02,nonaggression
151,360,1933-10-17,nonaggression
151,640,1933-10-17,nonaggression
152,345,1933-11-27,nonaggression
152,640,1933-11-27,nonaggression
153,255,1934-01-26,nonaggression
153,290,1934-01-26,nonaggression
156,670,1934-05-20,nonaggression
156,678,1934-05-20,nonaggression
166,325,1937-03-25,nonaggression
166,345,1937-03-25,nonaggression
167,630,1937-07-08,nonaggression
167,640,1937-07-08,nonaggression
167,645,1937-07-08,nonaggression
167,700,1937-07-08,nonaggression
168,365,1937-08-21,nonaggression
168,710,1937-08-21,nonaggression
170,145,1938-07-21,nonaggression
170,150,1938-07-21,nonaggression
171,345,1938-07-31,nonaggression
171,350,1938-07-31,nonaggression
171,355,1938-07-31,nonaggression
171,360,1938-07-31,nonaggression
171,640,1938-07-31,nonaggression
173,230,1939-03-17,nonaggression
173,235,1939-03-17,nonaggression
176,255,1939-05-31,nonaggression
176,390,1939-05-31,nonaggression
177,255,1939-06-07,nonaggression
177,366,1939-06-07,nonaggression
178,255,1939-06-07,nonaggression
178,367,1939-06-07,nonaggression
180,255,1939-08-23,nonaggression
180,365,1939-08-23,nonaggression
185,100,1939-12-17,nonaggression
185,101,1939-12-17,nonaggression
186,365,1940-03-12,nonaggression
186,375,1940-03-12,nonaggression
187,200,1940-06-12,nonaggression
187,800,1940-06-12,nonaggression
190,345,1941-04-05,nonaggression
190,365,1941-04-05,nonaggression
192,255,1941-06-18,nonaggression
192,640,1941-06-18,nonaggression
199,435,1973-01-22,nonaggression
199,520,1974-01-22,nonaggression
199,522,1975-01-22,nonaggression
199,600,1958-01-22,nonaggression
199,615,1962-01-22,nonaggression
199,616,1958-01-22,nonaggression
199,620,1953-01-22,nonaggression
199,625,1955-01-22,nonaggression
199,645,1945-03-22,nonaggression
199,651,1945-03-22,nonaggression
199,651,1989-05-22,nonaggression
199,652,1945-03-22,nonaggression
199,660,1945-03-22,nonaggression
199,663,1945-03-22,nonaggression
199,670,1945-03-22,nonaggression
199,678,1945-03-22,nonaggression
199,679,1990-05-22,nonaggression
199,680,1971-09-22,nonaggression
199,690,1964-01-22,nonaggression
199,692,1971-01-22,nonaggression
199,694,1971-01-22,nonaggression
199,696,1972-01-22,nonaggression
199,698,1971-01-22,nonaggression
203,290,1946-03-18,nonaggression
203,345,1946-03-18,nonaggression
210,2,1947-09-02,nonaggression
210,20,1989-11-13,nonaggression
210,31,1982-03-03,nonaggression
210,40,1947-09-02,nonaggression
210,41,1947-09-02,nonaggression
210,42,1947-09-02,nonaggression
210,51,1969-06-27,nonaggression
210,53,1967-10-09,nonaggression
210,54,1979-05-22,nonaggression
210,55,1975-05-13,nonaggression
210,56,1979-05-22,nonaggression
210,57,1981-12-03,nonaggression
210,58,1981-12-03,nonaggression
210,60,1984-03-12,nonaggression
210,70,1947-09-02,nonaggression
210,80,1991-01-08,nonaggression
210,90,1947-09-02,nonaggression
210,91,1947-09-02,nonaggression
210,92,1947-09-02,nonaggression
210,93,1947-09-02,nonaggression
210,94,1947-09-02,nonaggression
210,95,1947-09-02,nonaggression
210,100,1947-09-02,nonaggression
210,101,1947-09-02,nonaggression
210,110,1991-01-08,nonaggression
210,115,1977-02-22,nonaggression
210,140,1947-09-02,nonaggression
210,145,1947-09-02,nonaggression
210,155,1947-09-02,nonaggression
210,160,1947-09-02,nonaggression
211,310,1947-12-08,nonaggression
211,345,1947-12-08,nonaggression
212,339,1947-12-16,nonaggression
212,355,1947-12-16,nonaggression
213,345,1947-12-19,nonaggression
213,360,1947-12-19,nonaggression
214,355,1970-11-19,nonaggression
214,360,1970-11-19,nonaggression
215,310,1948-01-24,nonaggression
215,360,1948-01-24,nonaggression
216,360,1948-02-04,nonaggression
216,365,1948-02-04,nonaggression
217,310,1948-02-18,nonaggression
217,365,1948-02-18,nonaggression
219,355,1948-03-18,nonaggression
219,365,1948-03-18,nonaggression
221,315,1968-04-26,nonaggression
221,355,1968-04-26,nonaggression
222,290,1948-05-29,nonaggression
222,355,1948-05-29,nonaggression
223,290,1948-06-18,nonaggression
223,310,1948-06-18,nonaggression
224,310,1948-07-16,nonaggression
224,355,1948-07-16,nonaggression
225,315,1948-07-21,nonaggression
225,360,1948-07-21,nonaggression
226,290,1949-01-26,nonaggression
226,360,1949-01-26,nonaggression
227,2,1949-04-04,nonaggression
227,20,1949-04-04,nonaggression
227,200,1949-04-04,nonaggression
227,210,1949-04-04,nonaggression
227,211,1949-04-04,nonaggression
227,212,1949-04-04,nonaggression
227,220,1949-04-04,nonaggression
227,230,1981-12-10,nonaggression
227,235,1949-04-04,nonaggression
227,255,1990-10-03,nonaggression
227,260,1954-10-23,nonaggression
227,290,1999-03-12,nonaggression
227,310,1999-03-12,nonaggression
227,316,1999-03-12,nonaggression
227,325,1949-04-04,nonaggression
227,350,1951-10-22,nonaggression
227,385,1949-04-04,nonaggression
227,390,1949-04-04,nonaggression
227,395,1949-04-04,nonaggression
228,310,1949-04-16,nonaggression
228,315,1949-04-16,nonaggression
230,520,1974-05-20,nonaggression
230,600,1961-06-13,nonaggression
230,615,1964-09-11,nonaggression
230,616,1953-10-11,nonaggression
230,620,1964-09-11,nonaggression
230,625,1964-09-11,nonaggression
230,645,1952-08-07,nonaggression
230,651,1950-06-17,nonaggression
230,651,1989-05-22,nonaggression
230,652,1950-06-17,nonaggression
230,652,1961-09-29,nonaggression
230,660,1950-06-17,nonaggression
230,663,1952-03-31,nonaggression
230,670,1950-06-17,nonaggression
230,678,1950-06-17,nonaggression
230,679,1990-05-22,nonaggression
230,680,1971-11-23,nonaggression
230,690,1961-08-12,nonaggression
230,692,1971-11-14,nonaggression
230,694,1971-11-14,nonaggression
230,696,1953-10-11,nonaggression
232,2,1951-09-01,nonaggression
232,900,1951-09-01,nonaggression
232,920,1951-09-01,nonaggression
234,345,1953-02-28,nonaggression
234,345,1954-08-09,nonaggression
234,350,1953-02-28,nonaggression
234,350,1954-08-09,nonaggression
234,640,1953-02-28,nonaggression
234,640,1954-08-09,nonaggression
240,2,1954-12-02,nonaggression
240,713,1954-12-02,nonaggression
241,2,1958-07-28,nonaggression
241,200,1955-04-05,nonaggression
241,630,1955-11-03,nonaggression
241,640,1955-02-24,nonaggression
241,645,1955-02-24,nonaggression
241,770,1955-09-23,nonaggression
243,265,1955-05-14,nonaggression
243,290,1955-05-14,nonaggression
243,310,1955-05-14,nonaggression
243,315,1955-05-14,nonaggression
243,339,1955-05-14,nonaggression
243,355,1955-05-14,nonaggression
243,360,1955-05-14,nonaggression
243,365,1955-05-14,nonaggression
250,616,1957-01-06,nonaggression
250,620,1957-01-06,nonaggression
257,710,1960-01-28,nonaggression
257,775,1960-01-28,nonaggression
261,700,1960-08-26,nonaggression
261,710,1960-08-26,nonaggression
262,710,1960-12-19,nonaggression
262,811,1960-12-19,nonaggression
264,365,1961-07-06,nonaggression
264,731,1961-07-06,nonaggression
265,710,1961-07-11,nonaggression
265,731,1961-07-11,nonaggression
266,433,1961-09-09,nonaggression
266,434,1961-09-09,nonaggression
266,435,1961-09-09,nonaggression
266,436,1961-09-09,nonaggression
266,437,1961-09-09,nonaggression
266,439,1961-09-09,nonaggression
266,461,1963-07-09,nonaggression
266,471,1961-09-09,nonaggression
266,481,1961-09-09,nonaggression
266,482,1961-09-09,nonaggression
266,483,1961-09-09,nonaggression
266,484,1961-09-09,nonaggression
266,517,1963-03-09,nonaggression
266,580,1961-09-09,nonaggression
282,600,1969-01-15,nonaggression
282,615,1969-01-15,nonaggression
283,615,1970-01-06,nonaggression
283,616,1970-01-06,nonaggression
284,435,1970-06-08,nonaggression
284,600,1970-06-08,nonaggression
289,365,1971-08-09,nonaggression
289,750,1971-08-09,nonaggression
290,750,1972-03-19,nonaggression
290,771,1972-03-19,nonaggression
291,365,1972-04-09,nonaggression
291,645,1972-04-09,nonaggression
294,750,1972-07-02,nonaggression
294,770,1972-07-02,nonaggression
299,365,1977-03-31,nonaggression
299,541,1977-03-31,nonaggression
300,402,1978-04-22,nonaggression
300,404,1978-04-22,nonaggression
300,420,1978-04-22,nonaggression
300,432,1977-06-09,nonaggression
300,433,1977-06-09,nonaggression
300,434,1978-04-22,nonaggression
300,435,1977-06-09,nonaggression
300,436,1977-06-09,nonaggression
300,437,1977-06-09,nonaggression
300,438,1978-04-22,nonaggression
300,439,1977-06-09,nonaggression
300,450,1978-04-22,nonaggression
300,451,1978-04-22,nonaggression
300,452,1978-04-22,nonaggression
300,461,1977-06-09,nonaggression
300,475,1978-04-22,nonaggression
302,365,1978-11-20,nonaggression
302,530,1978-11-20,nonaggression
303,155,1979-01-08,nonaggression
303,160,1979-01-08,nonaggression
304,438,1979-01-23,nonaggression
304,438,2004-11-23,nonaggression
304,450,1979-01-23,nonaggression
304,450,2004-11-23,nonaggression
306,265,1979-02-24,nonaggression
306,541,1979-02-24,nonaggression
307,490,1979-10-12,nonaggression
307,540,1979-10-12,nonaggression
307,551,1979-10-12,nonaggression
308,365,1979-10-25,nonaggression
308,680,1979-10-25,nonaggression
309,265,1979-11-15,nonaggression
309,530,1979-11-15,nonaggression
310,265,1979-11-17,nonaggression
310,680,1979-11-17,nonaggression
311,530,1979-12-02,nonaggression
311,680,1979-12-02,nonaggression
313,483,1980-06-15,nonaggression
315,325,1980-09-15,nonaggression
315,338,1980-09-15,nonaggression
316,365,1980-10-08,nonaggression
316,652,1980-10-08,nonaggression
317,365,1981-05-13,nonaggression
317,484,1981-05-13,nonaggression
321,310,1981-10-09,nonaggression
321,540,1981-10-09,nonaggression
323,560,1982-02-12,nonaggression
323,572,1982-02-12,nonaggression
324,315,1982-09-09,nonaggression
324,620,1982-09-09,nonaggression
325,355,1983-01-21,nonaggression
325,620,1983-01-21,nonaggression
326,435,1983-11-21,nonaggression
326,615,1983-03-20,nonaggression
326,616,1983-03-20,nonaggression
327,660,1983-05-17,nonaggression
327,666,1983-05-17,nonaggression
328,541,1984-03-16,nonaggression
328,560,1984-03-16,nonaggression
331,155,1984-11-29,nonaggression
331,160,1984-11-29,nonaggression
333,700,1988-04-14,nonaggression
333,770,1988-04-14,nonaggression
335,645,1989-03-27,nonaggression
335,670,1989-03-27,nonaggression
336,220,1990-10-29,nonaggression
336,365,1990-10-29,nonaggression
337,255,1990-11-09,nonaggression
337,365,1990-11-09,nonaggression
338,325,1990-11-18,nonaggression
338,365,1990-11-18,nonaggression
344,731,1991-12-13,nonaggression
344,732,1991-12-13,nonaggression
345,365,1992-01-20,nonaggression
345,375,1992-01-20,nonaggression
346,355,1992-01-27,nonaggression
346,360,1992-01-27,nonaggression
348,355,1992-05-06,nonaggression
348,640,1992-05-06,nonaggression
351,290,1992-05-18,nonaggression
351,369,1992-05-18,nonaggression
352,290,1992-05-22,nonaggression
352,365,1992-05-22,nonaggression
353,365,1992-05-25,nonaggression
353,705,1992-05-25,nonaggression
354,365,1992-05-25,nonaggression
354,640,1992-05-25,nonaggression
355,365,1992-05-30,nonaggression
355,704,1992-05-30,nonaggression
356,339,1992-06-01,nonaggression
356,640,1992-06-01,nonaggression
357,365,1992-06-10,nonaggression
357,703,1992-06-10,nonaggression
358,20,1992-06-19,nonaggression
358,365,1992-06-19,nonaggression
364,355,1992-08-04,nonaggression
364,365,1992-08-04,nonaggression
366,359,1992-10-23,nonaggression
366,369,1992-10-23,nonaggression
368,365,2000-11-14,nonaggression
368,712,2000-11-14,nonaggression
369,339,1993-02-14,nonaggression
369,355,1993-02-14,nonaggression
370,290,1993-04-20,nonaggression
370,372,1993-04-20,nonaggression
371,365,1993-05-25,nonaggression
371,702,1993-05-25,nonaggression
372,317,1993-06-30,nonaggression
372,369,1993-06-30,nonaggression
373,317,1993-09-24,nonaggression
373,360,1993-09-24,nonaggression
374,355,1993-10-19,nonaggression
374,370,1993-10-19,nonaggression
378,290,1994-04-26,nonaggression
378,368,1994-04-26,nonaggression
379,344,1994-07-16,nonaggression
379,640,1994-07-16,nonaggression
380,663,1994-10-26,nonaggression
380,666,1994-10-26,nonaggression
381,290,1994-11-15,nonaggression
381,359,1994-11-15,nonaggression
382,368,1995-02-06,nonaggression
382,370,1995-02-06,nonaggression
383,359,1995-03-27,nonaggression
383,368,1995-03-27,nonaggression
384,367,1995-05-23,nonaggression
384,369,1995-05-23,nonaggression
385,367,1995-06-06,nonaggression
385,704,1995-06-06,nonaggression
386,344,1995-11-21,nonaggression
386,345,1995-11-21,nonaggression
386,346,1995-11-21,nonaggression
389,365,1996-04-27,nonaggression
389,702,1996-04-27,nonaggression
389,703,1996-04-27,nonaggression
389,704,2001-06-15,nonaggression
389,705,1996-04-27,nonaggression
389,710,1996-04-27,nonaggression
390,369,1996-05-14,nonaggression
390,371,1996-05-14,nonaggression
391,290,1996-06-12,nonaggression
391,350,1996-06-12,nonaggression
392,317,1997-01-16,nonaggression
392,704,1997-01-16,nonaggression
395,484,1998-12-29,nonaggression
395,490,1998-12-29,nonaggression
398,403,2000-02-24,nonaggression
398,411,2000-02-24,nonaggression
398,471,2000-02-24,nonaggression
398,481,2000-02-24,nonaggression
398,482,2000-02-24,nonaggression
398,483,2000-02-24,nonaggression
398,484,2000-02-24,nonaggression
398,490,2000-02-24,nonaggression
398,516,2000-02-24,nonaggression
398,517,2000-02-24,nonaggression
398,540,2000-02-24,nonaggression
399,530,2000-12-12,nonaggression
399,531,2000-12-12,nonaggression
401,365,2002-04-23,nonaggression
401,701,2002-04-23,nonaggression
402,630,2002-12-22,nonaggression
402,700,2002-12-22,nonaggression
402,701,2002-12-22,nonaggression
402,702,2002-12-22,nonaggression
402,704,2002-12-22,nonaggression
402,710,2002-12-22,nonaggression
402,770,2002-12-22,nonaggression
403,365,2004-07-16,nonaggression
403,372,2004-07-16,nonaggression
404,373,2005-05-16,nonaggression
404,630,2005-05-16,nonaggression
407,482,2006-12-15,nonaggression
407,484,2006-12-15,nonaggression
407,490,2006-12-15,nonaggression
407,500,2006-12-15,nonaggression
407,501,2006-12-15,nonaggression
407,510,2006-12-15,nonaggression
407,516,2006-12-15,nonaggression
407,517,2006-12-15,nonaggression
407,540,2006-12-15,nonaggression
407,551,2006-12-15,nonaggression
407,625,2006-12-15,nonaggression
409,483,2008-03-13,nonaggression
409,625,2008-03-13,nonaggression
412,625,2012-02-10,nonaggression
412,626,2012-02-10,nonaggression
413,651,1979-03-26,nonaggression
413,666,1979-03-26,nonaggression
2,200,1816-01-01,entente
2,380,1816-01-01,entente
3,240,1838-01-01,entente
3,240,1850-11-29,entente
3,245,1816-01-01,entente
3,245,1850-11-29,entente
3,255,1816-01-01,entente
3,255,1850-11-29,entente
3,267,1816-01-01,entente
3,267,1850-11-29,entente
3,269,1816-01-01,entente
3,269,1850-11-29,entente
3,271,1816-01-01,entente
3,271,1850-11-29,entente
3,273,1816-01-01,entente
3,273,1850-11-29,entente
3,275,1816-01-01,entente
3,275,1850-11-29,entente
3,280,1843-01-01,entente
3,280,1850-11-29,entente
3,300,1816-01-01,entente
3,300,1850-11-29,entente
4,300,1816-01-01,entente
4,329,1816-01-01,entente
5,300,1816-01-01,entente
5,337,1816-01-01,entente
6,200,1816-01-01,entente
6,255,1816-01-01,entente
6,300,1816-01-01,entente
6,365,1816-01-01,entente
8,200,1827-07-06,entente
8,220,1827-07-06,entente
8,365,1827-07-06,entente
14,365,1833-07-08,entente
14,640,1833-07-08,entente
15,255,1833-10-15,entente
15,300,1833-09-18,entente
15,365,1833-09-18,entente
16,300,1833-09-19,entente
16,365,1833-09-19,entente
18,255,1833-10-16,entente
18,365,1833-10-16,entente
19,200,1834-04-22,entente
19,220,1834-04-22,entente
19,230,1834-04-22,entente
19,235,1834-04-22,entente
21,200,1844-05-22,entente
21,365,1844-05-22,entente
25,240,1849-05-26,entente
25,255,1849-05-26,entente
25,269,1849-05-26,entente
28,200,1854-03-12,entente
28,220,1854-03-12,entente
28,325,1855-03-15,entente
28,640,1854-03-12,entente
33,220,1854-12-22,entente
33,300,1854-12-22,entente
34,200,1855-11-21,entente
34,220,1855-11-21,entente
34,380,1855-11-21,entente
39,220,1859-03-03,entente
39,365,1859-03-03,entente
41,200,1861-10-31,entente
41,220,1861-10-31,entente
41,230,1861-10-31,entente
46,255,1864-01-16,entente
46,300,1864-01-16,entente
51,220,1866-06-12,entente
51,300,1866-06-12,entente
61,255,1873-10-22,entente
61,300,1873-05-25,entente
61,365,1873-05-25,entente
65,300,1881-06-16,entente
65,345,1881-06-16,entente
66,255,1881-06-18,entente
66,300,1881-06-18,entente
66,365,1881-06-18,entente
68,255,1883-10-30,entente
68,300,1883-10-30,entente
68,325,1888-05-15,entente
68,360,1883-10-30,entente
69,200,1887-02-12,entente
69,300,1887-03-24,entente
69,325,1887-02-12,entente
71,255,1887-06-18,entente
71,365,1887-06-18,entente
72,200,1887-12-16,entente
72,300,1887-12-16,entente
72,325,1887-12-16,entente
73,220,1891-08-27,entente
73,365,1891-08-27,entente
77,200,1902-01-30,entente
77,740,1902-01-30,entente
79,345,1908-01-01,entente
79,355,1908-01-01,entente
80,220,1904-10-03,entente
80,230,1904-10-03,entente
83,200,1907-05-16,entente
83,220,1907-05-16,entente
83,230,1907-05-16,entente
85,2,1908-11-30,entente
85,740,1908-11-30,entente
86,325,1909-10-24,entente
86,365,1909-10-24,entente
87,365,1910-07-04,entente
87,740,1910-07-04,entente
89,345,1912-02-29,entente
89,355,1912-02-29,entente
91,200,1912-11-23,entente
91,220,1912-11-23,entente
92,345,1913-05-19,entente
92,350,1913-05-19,entente
94,355,1914-08-19,entente
94,640,1914-08-19,entente
98,200,1915-04-26,entente
98,220,1915-04-26,entente
98,325,1915-04-26,entente
98,365,1915-04-26,entente
100,365,1916-07-03,entente
100,740,1916-07-03,entente
102,315,1920-08-14,entente
102,345,1920-08-14,entente
104,220,1921-02-19,entente
104,290,1921-02-19,entente
107,290,1921-03-03,entente
107,360,1921-03-03,entente
108,315,1921-04-23,entente
108,360,1921-04-23,entente
109,345,1921-06-07,entente
109,360,1921-06-07,entente
111,2,1921-12-13,entente
111,200,1921-12-13,entente
111,220,1921-12-13,entente
111,740,1921-12-13,entente
114,366,1923-11-01,entente
114,367,1923-11-01,entente
115,220,1924-01-25,entente
115,315,1924-01-25,entente
116,325,1924-01-27,entente
116,345,1924-01-27,entente
117,315,1924-07-05,entente
117,325,1924-07-05,entente
124,220,1926-06-10,entente
124,360,1926-06-10,entente
127,325,1926-09-16,entente
127,360,1926-09-16,entente
128,290,1926-09-18,entente
128,345,1926-09-18,entente
130,325,1926-11-27,entente
130,339,1926-11-27,entente
132,220,1927-11-11,entente
132,345,1927-11-11,entente
138,325,1928-09-23,entente
138,350,1928-09-23,entente
141,345,1929-03-27,entente
141,350,1929-03-27,entente
143,200,1932-10-03,entente
143,645,1932-10-03,entente
154,345,1934-02-09,entente
154,350,1934-02-09,entente
154,360,1934-02-09,entente
154,640,1934-02-09,entente
155,305,1934-03-17,entente
155,310,1934-03-17,entente
155,325,1934-03-17,entente
156,670,1934-05-20,entente
156,678,1934-05-20,entente
157,366,1934-09-12,entente
157,367,1934-09-12,entente
157,368,1934-09-12,entente
158,220,1935-01-07,entente
158,325,1935-01-07,entente
159,220,1935-05-02,entente
159,365,1935-05-02,entente
160,315,1935-05-16,entente
160,315,1945-05-10,entente
160,365,1935-05-16,entente
160,365,1945-05-10,entente
162,645,1936-04-02,entente
162,670,1936-04-02,entente
162,678,1937-04-29,entente
163,200,1937-05-26,entente
163,651,1937-05-26,entente
164,230,1939-04-07,entente
164,255,1936-11-25,entente
164,310,1939-02-24,entente
164,325,1937-11-06,entente
164,740,1936-11-25,entente
165,2,1936-12-23,entente
165,40,1936-12-23,entente
165,41,1936-12-23,entente
165,42,1936-12-23,entente
165,70,1936-12-23,entente
165,90,1936-12-23,entente
165,91,1936-12-23,entente
165,92,1936-12-23,entente
165,93,1936-12-23,entente
165,94,1936-12-23,entente
165,95,1936-12-23,entente
165,100,1936-12-23,entente
165,101,1936-12-23,entente
165,130,1936-12-23,entente
165,135,1936-12-23,entente
165,140,1936-12-23,entente
165,145,1936-12-23,entente
165,150,1936-12-23,entente
165,155,1936-12-23,entente
165,160,1936-12-23,entente
165,165,1936-12-23,entente
166,325,1937-03-25,entente
166,345,1937-03-25,entente
167,630,1937-07-08,entente
167,640,1937-07-08,entente
167,645,1937-07-08,entente
167,700,1937-07-08,entente
172,220,1938-12-06,entente
172,255,1938-12-06,entente
174,200,1939-04-06,entente
174,290,1939-04-06,entente
175,255,1939-05-22,entente
175,325,1939-05-22,entente
179,220,1939-06-23,entente
179,640,1939-06-23,entente
195,200,1942-01-29,entente
195,365,1942-01-29,entente
195,630,1942-01-29,entente
196,900,1944-01-21,entente
196,920,1944-01-21,entente
197,220,1944-12-10,entente
197,365,1944-12-10,entente
198,2,1945-03-06,entente
198,40,1945-03-06,entente
198,41,1945-03-06,entente
198,42,1945-03-06,entente
198,70,1945-03-06,entente
198,90,1945-03-06,entente
198,91,1945-03-06,entente
198,93,1945-03-06,entente
198,94,1945-03-06,entente
198,95,1945-03-06,entente
198,100,1945-03-06,entente
198,101,1945-03-06,entente
198,130,1945-03-06,entente
198,135,1945-03-06,entente
198,140,1945-03-06,entente
198,145,1945-03-06,entente
198,150,1945-03-06,entente
198,155,1945-03-06,entente
198,160,1945-03-06,entente
198,165,1945-03-06,entente
199,435,1973-01-22,entente
199,520,1974-01-22,entente
199,522,1975-01-22,entente
199,600,1958-01-22,entente
199,615,1962-01-22,entente
199,616,1958-01-22,entente
199,620,1953-01-22,entente
199,625,1955-01-22,entente
199,645,1945-03-22,entente
199,651,1945-03-22,entente
199,651,1989-05-22,entente
199,652,1945-03-22,entente
199,660,1945-03-22,entente
199,663,1945-03-22,entente
199,670,1945-03-22,entente
199,678,1945-03-22,entente
199,679,1990-05-22,entente
199,680,1971-09-22,entente
199,690,1964-01-22,entente
199,692,1971-01-22,entente
199,694,1971-01-22,entente
199,696,1972-01-22,entente
199,698,1971-01-22,entente
203,290,1946-03-18,entente
203,345,1946-03-18,entente
204,200,1946-03-22,entente
204,663,1946-03-22,entente
207,200,1947-03-04,entente
207,220,1947-03-04,entente
209,645,1947-04-14,entente
209,663,1947-04-14,entente
210,2,1947-09-02,entente
210,20,1989-11-13,entente
210,31,1982-03-03,entente
210,40,1947-09-02,entente
210,41,1947-09-02,entente
210,42,1947-09-02,entente
210,51,1969-06-27,entente
210,52,1967-03-13,entente
210,53,1967-10-09,entente
210,54,1979-05-22,entente
210,55,1975-05-13,entente
210,56,1979-05-22,entente
210,57,1981-12-03,entente
210,58,1981-12-03,entente
210,60,1984-03-12,entente
210,70,1947-09-02,entente
210,80,1991-01-08,entente
210,90,1947-09-02,entente
210,91,1947-09-02,entente
210,92,1947-09-02,entente
210,93,1947-09-02,entente
210,94,1947-09-02,entente
210,95,1947-09-02,entente
210,100,1947-09-02,entente
210,101,1947-09-02,entente
210,110,1991-01-08,entente
210,115,1977-02-22,entente
210,130,1947-09-02,entente
210,135,1947-09-02,entente
210,140,1947-09-02,entente
210,145,1947-09-02,entente
210,150,1947-09-02,entente
210,155,1947-09-02,entente
210,160,1947-09-02,entente
210,165,1947-09-02,entente
211,310,1947-12-08,entente
211,345,1947-12-08,entente
212,339,1947-12-16,entente
212,355,1947-12-16,entente
213,345,1947-12-19,entente
213,360,1947-12-19,entente
214,355,1970-11-19,entente
214,360,1970-11-19,entente
215,310,1948-01-24,entente
215,360,1948-01-24,entente
218,200,1948-03-17,entente
218,210,1948-03-17,entente
218,211,1948-03-17,entente
218,212,1948-03-17,entente
218,220,1948-03-17,entente
218,230,1988-11-14,entente
218,235,1988-11-14,entente
218,260,1955-05-05,entente
218,325,1954-10-23,entente
218,350,1992-11-20,entente
220,365,1948-04-06,entente
220,375,1948-04-06,entente
227,2,1949-04-04,entente
227,20,1949-04-04,entente
227,200,1949-04-04,entente
227,210,1949-04-04,entente
227,211,1949-04-04,entente
227,212,1949-04-04,entente
227,220,1949-04-04,entente
227,230,1981-12-10,entente
227,235,1949-04-04,entente
227,255,1990-10-03,entente
227,260,1954-10-23,entente
227,290,1999-03-12,entente
227,310,1999-03-12,entente
227,316,1999-03-12,entente
227,325,1949-04-04,entente
227,350,1951-10-22,entente
227,385,1949-04-04,entente
227,390,1949-04-04,entente
227,395,1949-04-04,entente
227,640,1951-10-22,entente
230,520,1974-05-20,entente
230,600,1961-06-13,entente
230,615,1964-09-11,entente
230,616,1953-10-11,entente
230,620,1964-09-11,entente
230,625,1964-09-11,entente
230,645,1952-08-07,entente
230,651,1950-06-17,entente
230,651,1989-05-22,entente
230,652,1950-06-17,entente
230,652,1961-09-29,entente
230,660,1950-06-17,entente
230,663,1952-03-31,entente
230,670,1950-06-17,entente
230,678,1950-06-17,entente
230,679,1990-05-22,entente
230,680,1971-11-23,entente
230,690,1961-08-12,entente
230,692,1971-11-14,entente
230,694,1971-11-14,entente
230,696,1953-10-11,entente
232,2,1951-09-01,entente
232,900,1951-09-01,entente
232,920,1951-09-01,entente
234,345,1953-02-28,entente
234,345,1954-08-09,entente
234,350,1953-02-28,entente
234,350,1954-08-09,entente
234,640,1953-02-28,entente
234,640,1954-08-09,entente
235,200,1953-07-29,entente
235,620,1953-07-29,entente
236,2,1953-10-01,entente
236,732,1953-10-01,entente
237,640,1954-04-02,entente
237,770,1954-04-02,entente
238,2,1954-09-08,entente
238,200,1954-09-08,entente
238,220,1954-09-08,entente
238,770,1954-09-08,entente
238,800,1954-09-08,entente
238,840,1954-09-08,entente
238,900,1954-09-08,entente
238,920,1954-09-08,entente
239,200,1954-10-19,entente
239,651,1954-10-19,entente
241,2,1958-07-28,entente
241,200,1955-04-05,entente
241,630,1955-11-03,entente
241,640,1955-02-24,entente
241,645,1955-02-24,entente
241,770,1955-09-23,entente
243,265,1955-05-14,entente
243,290,1955-05-14,entente
243,310,1955-05-14,entente
243,315,1955-05-14,entente
243,339,1955-05-14,entente
243,355,1955-05-14,entente
243,360,1955-05-14,entente
243,365,1955-05-14,entente
244,220,1955-08-10,entente
244,620,1955-08-10,entente
245,651,1955-10-20,entente
245,652,1955-10-20,entente
245,663,1956-10-24,entente
247,651,1956-04-21,entente
247,670,1956-04-21,entente
247,678,1956-04-21,entente
248,220,1956-05-28,entente
248,600,1956-05-28,entente
250,616,1957-01-06,entente
250,620,1957-01-06,entente
251,200,1957-10-12,entente
251,820,1957-10-12,entente
253,2,1959-03-05,entente
253,630,1959-03-05,entente
256,2,1959-07-08,entente
256,450,1959-07-08,entente
258,220,1960-08-15,entente
258,482,1960-08-15,entente
258,483,1960-08-15,entente
258,484,1960-08-15,entente
259,350,1960-08-16,entente
259,352,1960-08-16,entente
259,640,1960-08-16,entente
263,432,1961-04-29,entente
263,438,1961-04-29,entente
263,452,1961-04-29,entente
266,433,1961-09-09,entente
266,434,1961-09-09,entente
266,435,1961-09-09,entente
266,436,1961-09-09,entente
266,437,1961-09-09,entente
266,439,1961-09-09,entente
266,461,1963-07-09,entente
266,471,1961-09-09,entente
266,481,1961-09-09,entente
266,482,1961-09-09,entente
266,483,1961-09-09,entente
266,484,1961-09-09,entente
266,517,1963-03-09,entente
266,580,1961-09-09,entente
268,663,1962-08-29,entente
268,670,1962-08-29,entente
271,90,1963-12-14,entente
271,91,1963-12-14,entente
271,92,1963-12-14,entente
271,93,1963-12-14,entente
271,94,1963-12-14,entente
271,95,1963-12-14,entente
276,265,1967-03-17,entente
276,315,1967-03-17,entente
277,265,1967-05-18,entente
277,310,1967-05-18,entente
278,645,1967-06-04,entente
278,651,1967-05-30,entente
278,663,1967-05-30,entente
279,265,1967-09-07,entente
279,355,1967-09-07,entente
280,200,1968-03-12,entente
280,590,1968-03-12,entente
281,482,1968-04-02,entente
281,483,1968-04-02,entente
281,484,1968-04-02,entente
285,2,1970-08-06,entente
285,230,1970-08-06,entente
286,220,1970-10-13,entente
286,365,1970-10-13,entente
287,20,1971-05-19,entente
287,365,1971-05-19,entente
288,365,1971-05-27,entente
288,651,1971-05-27,entente
289,365,1971-08-09,entente
289,750,1971-08-09,entente
290,750,1972-03-19,entente
290,771,1972-03-19,entente
291,365,1972-04-09,entente
291,645,1972-04-09,entente
297,625,1976-07-15,entente
297,651,1976-07-15,entente
298,365,1976-10-08,entente
298,540,1976-10-08,entente
299,365,1977-03-31,entente
299,541,1977-03-31,entente
300,402,1978-04-22,entente
300,404,1978-04-22,entente
300,420,1978-04-22,entente
300,432,1977-06-09,entente
300,433,1977-06-09,entente
300,434,1978-04-22,entente
300,435,1977-06-09,entente
300,436,1977-06-09,entente
300,437,1977-06-09,entente
300,438,1978-04-22,entente
300,439,1977-06-09,entente
300,450,1978-04-22,entente
300,451,1978-04-22,entente
300,452,1978-04-22,entente
300,461,1977-06-09,entente
300,475,1978-04-22,entente
301,365,1978-11-03,entente
301,816,1978-11-03,entente
302,365,1978-11-20,entente
302,530,1978-11-20,entente
306,265,1979-02-24,entente
306,541,1979-02-24,entente
308,365,1979-10-25,entente
308,680,1979-10-25,entente
314,620,1980-09-10,entente
314,652,1980-09-10,entente
315,325,1980-09-15,entente
315,338,1980-09-15,entente
316,365,1980-10-08,entente
316,652,1980-10-08,entente
317,365,1981-05-13,entente
317,484,1981-05-13,entente
320,530,1981-08-19,entente
320,620,1981-08-19,entente
320,680,1981-08-19,entente
321,310,1981-10-09,entente
321,540,1981-10-09,entente
322,420,1981-12-17,entente
322,433,1981-12-17,entente
329,600,1984-08-13,entente
329,620,1984-08-13,entente
330,338,1984-11-28,entente
330,620,1984-11-28,entente
334,435,1989-02-17,entente
334,600,1989-02-17,entente
334,615,1989-02-17,entente
334,616,1989-02-17,entente
334,620,1989-02-17,entente
336,220,1990-10-29,entente
336,365,1990-10-29,entente
337,255,1990-11-09,entente
337,365,1990-11-09,entente
338,325,1990-11-18,entente
338,365,1990-11-18,entente
339,652,1991-05-22,entente
339,660,1991-05-22,entente
342,350,1991-11-28,entente
342,360,1991-11-28,entente
345,365,1992-01-20,entente
345,375,1992-01-20,entente
346,355,1992-01-27,entente
346,360,1992-01-27,entente
347,220,1992-02-06,entente
347,365,1992-02-06,entente
348,355,1992-05-06,entente
348,640,1992-05-06,entente
351,290,1992-05-18,entente
351,369,1992-05-18,entente
352,290,1992-05-22,entente
352,365,1992-05-22,entente
354,365,1992-05-25,entente
354,640,1992-05-25,entente
355,365,1992-05-30,entente
355,704,1992-05-30,entente
356,339,1992-06-01,entente
356,640,1992-06-01,entente
357,365,1992-06-10,entente
357,703,1992-06-10,entente
359,290,1992-06-23,entente
359,370,1992-06-23,entente
361,290,1992-07-02,entente
361,366,1992-07-02,entente
364,355,1992-08-04,entente
364,365,1992-08-04,entente
367,316,1992-11-23,entente
367,317,1992-11-23,entente
370,290,1993-04-20,entente
370,372,1993-04-20,entente
371,365,1993-05-25,entente
371,702,1993-05-25,entente
372,317,1993-06-30,entente
372,369,1993-06-30,entente
373,317,1993-09-24,entente
373,360,1993-09-24,entente
374,355,1993-10-19,entente
374,370,1993-10-19,entente
375,220,1994-01-21,entente
375,372,1994-01-21,entente
378,290,1994-04-26,entente
378,368,1994-04-26,entente
379,344,1994-07-16,entente
379,640,1994-07-16,entente
381,290,1994-11-15,entente
381,359,1994-11-15,entente
383,359,1995-03-27,entente
383,368,1995-03-27,entente
384,367,1995-05-23,entente
384,369,1995-05-23,entente
385,367,1995-06-06,entente
385,704,1995-06-06,entente
387,850,1995-12-18,entente
387,900,1995-12-18,entente
389,365,1996-04-27,entente
389,702,1996-04-27,entente
389,703,1996-04-27,entente
389,704,2001-06-15,entente
389,705,1996-04-27,entente
389,710,1996-04-27,entente
392,317,1997-01-16,entente
392,704,1997-01-16,entente
393,365,1997-04-02,entente
393,370,1997-04-02,entente
394,482,1998-05-11,entente
394,484,1998-05-11,entente
397,365,2000-02-09,entente
397,731,2000-02-09,entente
401,365,2002-04-23,entente
401,701,2002-04-23,entente
405,365,2005-11-14,entente
405,704,2005-11-14,entente
406,630,2006-06-15,entente
406,652,2006-06-15,entente
407,482,2006-12-15,entente
407,484,2006-12-15,entente
407,490,2006-12-15,entente
407,500,2006-12-15,entente
407,501,2006-12-15,entente
407,510,2006-12-15,entente
407,516,2006-12-15,entente
407,517,2006-12-15,entente
407,540,2006-12-15,entente
407,551,2006-12-15,entente
407,625,2006-12-15,entente
411,365,2010-08-20,entente
411,371,2010-08-20,entente
414,2,1981-11-30,entente
414,666,1981-11-30,entente
