TerritorialChangeID,Gainer,Loser,TransferDate,Year,Month,Procedure,TerritoryID,TerritoryArea,TerritoryPopulation,IsWholeTerritory,IsMilConflict,IsIndependence,GainerIsCont,LoserIsCont,IsGainerHomeland,IsLoserHomeland,IsSystemEntry,IsSystemExit
3,160,230,1816-07-01,1816,7,,160,2093164.00,1970000,1,0,1,,0,1,0,1,0
4,200,790,1816-03-01,1816,3,3,790,1.00,,0,1,0,0,1,0,1,0,0
5,200,,1816-01-01,1816,,3,420,179.00,,0,0,0,0,,0,1,0,0
28,220,200,1817-01-01,1817,,3,433,7819.00,100000,1,0,0,0,0,0,0,0,0
29,365,,1817-01-01,1817,,1,365,650.00,,0,1,0,1,1,1,1,0,0
30,2,200,1818-10-01,1818,10,3,20,84240.00,,0,0,0,1,0,1,0,0,0
31,155,230,1818-12-01,1818,12,,155,464568.00,1656300,1,1,1,,0,1,0,1,0
32,200,2,1818-10-01,1818,10,3,2,41600.00,,0,0,0,0,1,0,1,0,0
33,200,,1818-06-01,1818,6,1,750,421200.00,,0,1,0,0,,0,1,0,0
34,200,,1818-01-01,1818,,2,438,16.00,,0,0,0,0,,0,1,0,0
35,640,,1818-01-01,1818,,3,671,388500.00,,1,1,0,1,,1,1,0,0
36,2,230,1819-02-01,1819,2,3,40,186488.00,54477,0,0,0,1,0,1,0,0,0
37,100,230,1819-12-01,1819,12,,100,660760.00,1400000,1,0,1,,0,1,0,1,0
38,220,580,1819-01-01,1819,,2,580,1.00,,0,0,0,0,1,0,1,0,0
39,42,230,1821-11-01,1821,11,,42,48734.00,89000,1,0,1,,0,1,0,,0
40,70,230,1821-03-01,1821,3,,70,1426757.00,7000000,1,0,1,,0,1,0,1,0
41,100,230,1821-06-01,1821,6,1,101,1082207.00,800000,1,1,0,1,0,1,0,0,0
42,135,230,1821-07-01,1821,7,,135,1559891.00,1929300,1,0,1,,0,1,0,,0
43,235,230,1821-11-01,1821,11,3,165,269810.00,70000,1,0,0,0,0,0,0,0,0
44,100,230,1822-05-01,1822,5,1,130,550685.00,600000,1,1,0,1,0,1,0,0,0
45,640,,1822-01-01,1822,,1,625,229471.00,100000,1,1,0,1,,1,1,0,0
46,140,235,1824-12-01,1824,12,,140,8259504.00,5306418,1,0,1,,0,1,0,1,0
47,200,,1824-03-01,1824,3,3,830,583.00,10000,1,0,0,0,1,0,1,0,0
48,200,210,1824-03-01,1824,3,3,827,1658.00,77756,0,0,0,0,0,0,0,0,0
49,210,200,1824-03-01,1824,3,3,850,25089.00,93875,0,0,0,0,0,0,0,0,0
50,145,230,1825-08-01,1825,8,,145,3016000.00,1750000,1,0,1,,0,1,0,1,0
51,200,,1825-12-01,1825,12,2,9993,48.00,0,1,0,0,0,,0,1,0,0
52,580,220,1825-01-01,1825,,1,580,1.00,,0,0,0,1,0,1,0,0,0
53,616,640,1825-01-01,1825,,4,616,116348.00,875000,1,0,1,,1,1,0,,0
54,200,,1826-01-01,1826,,2,561,200000.00,,0,0,0,0,,0,1,0,0
55,200,775,1826-02-01,1826,2,1,775,169098.00,1222998,0,1,0,0,1,0,1,0,0
56,200,,1826-06-01,1826,6,3,821,1.00,,0,0,0,0,,0,1,0,0
57,165,140,1828-12-01,1828,12,4,165,269810.00,70000,1,1,1,,1,1,0,1,0
58,210,,1828-12-01,1828,12,1,851,412781.00,200000,1,0,0,0,,0,1,0,0
59,350,640,1828-12-01,1828,12,4,350,39510.00,637700,1,1,1,,1,1,0,1,0
60,365,630,1828-02-01,1828,2,3,630,29800.00,,0,1,0,1,1,1,1,0,0
61,200,230,1829-01-01,1829,,3,413,2034.00,2300,1,0,0,0,0,0,0,0,0
62,365,640,1829-09-01,1829,9,3,640,8580.00,,0,1,0,1,1,1,1,0,0
63,365,,1829-01-01,1829,,1,365,4680.00,,0,1,0,1,,1,1,0,0
64,211,210,1830-10-01,1830,10,4,211,27407.00,3533538,1,1,1,,1,1,0,1,0
65,220,640,1830-09-01,1830,9,1,615,275317.00,73200,0,0,0,0,1,0,1,0,0
66,365,,1830-01-01,1830,,1,365,9360.00,,0,1,0,1,,1,1,0,0
67,100,130,1832-12-01,1832,12,3,130,140976.00,276249,0,0,0,1,1,1,1,0,0
68,200,160,1833-01-01,1833,1,2,1163,11961.00,20,1,0,0,0,0,0,1,0,0
69,200,,1835-01-01,1835,,2,561,1.00,,0,0,0,0,,0,1,0,0
70,7,70,1836-03-01,1836,3,4,7,1010472.00,38000,1,1,1,,1,1,0,,0
72,135,145,1839-01-01,1839,1,4,135,1559891.00,1929300,1,1,1,,1,1,0,1,0
73,200,,1839-01-01,1839,1,2,680,207.00,29730,1,0,0,0,,0,1,0,0
74,200,761,1839-01-01,1839,,2,761,3016.00,,0,0,0,0,1,0,1,0,0
75,210,,1839-01-01,1839,,3,850,5560.00,20978000,1,1,0,0,,0,1,0,0
76,211,210,1839-04-01,1839,4,3,210,2416.00,171572,0,0,0,1,1,1,1,0,0
77,211,210,1839-12-01,1839,12,3,212,4408.00,176493,0,0,0,1,1,1,1,0,0
78,200,,1840-01-01,1840,1,2,920,268676.00,31907,1,0,0,0,,0,1,0,0
79,235,,1840-01-01,1840,,2,540,140000.00,,0,0,0,0,,0,1,0,0
81,220,,1841-03-01,1841,3,2,581,373.00,6888,0,0,0,0,,0,1,0,0
82,2,200,1842-08-01,1842,8,3,20,18130.00,,0,0,0,1,0,1,0,0,0
83,200,2,1842-08-01,1842,8,3,2,12950.00,,0,0,0,0,1,0,1,0,0
84,200,710,1842-08-01,1842,8,3,720,75.00,33143,0,1,0,0,1,0,1,0,0
85,220,,1842-05-01,1842,5,2,960,1321.00,20200,0,0,0,0,,0,1,0,0
87,200,7693,1843-02-01,1843,2,2,7693,126340.00,1730323,1,0,0,0,,0,1,0,0
88,200,562,1843-05-01,1843,5,1,562,46620.00,121068,1,1,0,0,,0,1,0,0
89,210,,1843-01-01,1843,,3,850,4748.00,,0,0,0,0,,0,1,0,0
90,220,,1843-06-01,1843,6,3,437,6370.00,,0,0,0,0,,0,1,0,0
91,230,200,1843-01-01,1843,,3,413,2034.00,18000,1,0,0,0,0,0,0,0,0
93,220,,1844-01-01,1844,,1,960,1595.00,9000,1,1,0,0,,0,1,0,0
94,2,7,1845-03-01,1845,3,2,7,1010472.00,35162,1,0,0,1,,1,1,0,0
95,220,,1845-01-01,1845,,3,481,66914.00,,0,0,0,0,,0,1,0,0
96,2,200,1846-06-01,1846,6,3,20,739652.00,13323,0,0,0,1,0,1,0,0,0
97,200,2,1846-06-01,1846,6,3,2,429536.00,89000,0,0,0,0,1,0,1,0,0
98,300,2292,1846-11-01,1846,11,2,2292,1158.00,141202,1,0,0,1,,1,1,0,0
99,200,835,1847-01-01,1847,1,3,8231,91.00,1385,1,0,0,0,1,0,1,0,0
100,200,,1847-01-01,1847,,1,560,1.00,,0,1,0,0,,0,1,0,0
101,220,,1847-12-01,1847,12,1,615,200000.00,,0,1,0,0,,0,1,0,0
102,337,336,1847-10-01,1847,10,2,336,1127.00,168198,1,0,0,1,,1,1,0,0
103,2,70,1848-02-01,1848,2,3,70,1370153.00,295574,0,1,0,1,1,1,1,0,0
105,200,,1849-12-01,1849,12,1,,151536.00,9153209,1,1,0,0,,0,1,0,0
106,200,7507,1849-12-01,1849,12,3,7507,259000.00,3000000,1,0,0,0,,0,1,0,0
107,220,,1849-04-01,1849,4,2,438,19500.00,,0,0,0,0,,0,1,0,0
108,255,250,1849-12-01,1849,12,5,250,1173.00,65574,1,0,0,0,,1,1,0,0
109,200,390,1850-08-01,1850,8,3,452,40.00,40000,0,0,0,0,0,0,0,0,0
110,140,165,1851-01-01,1851,,3,165,104000.00,,0,0,0,1,1,1,1,0,0
111,200,681,1851-01-01,1851,,2,681,8.00,,0,0,0,0,1,0,1,0,0
112,210,235,1851-01-01,1851,,3,850,1.00,,0,0,0,0,0,0,0,0,0
114,200,775,1852-12-01,1852,12,1,775,83657.00,870180,0,1,0,0,1,0,1,0,0
115,563,200,1852-01-01,1852,1,,563,286065.00,300000,1,0,1,,0,1,0,,0
116,2,70,1853-12-01,1853,12,3,70,76768.00,96000,0,0,0,1,1,1,1,0,0
117,220,,1853-12-01,1853,12,1,930,16112.00,60000,1,1,0,0,,0,1,0,0
118,365,,1853-01-01,1853,,2,365,66120.00,,0,0,0,1,,1,1,0,0
120,200,698,1854-01-01,1854,,3,698,73.00,350000,1,0,0,0,1,0,1,0,0
121,365,,1854-01-01,1854,,1,365,1820000.00,,0,1,0,1,,1,1,0,0
122,564,200,1854-04-01,1854,4,,564,129153.00,245000,1,0,1,,0,1,0,,0
124,651,640,1855-01-01,1855,,4,651,1021081.00,600000,1,0,1,,1,1,0,,0
125,640,365,1856-03-01,1856,3,3,365,12264.00,,0,1,0,1,1,1,1,0,0
126,640,365,1856-03-01,1856,3,3,365,18557.00,,0,1,0,1,1,1,1,0,0
127,200,,1857-01-01,1857,,2,9002,13.00,400,1,0,0,0,,0,1,0,0
128,2,,1858-01-01,1858,,2,9750,1.00,0,1,0,0,0,,0,1,0,0
129,220,,1858-01-01,1858,,2,960,5.00,0,0,0,0,0,,0,1,0,0
130,365,,1858-01-01,1858,,1,365,520.00,,0,1,0,1,,1,1,0,0
131,365,710,1858-06-01,1858,6,3,710,282473.00,40000,0,0,0,1,1,1,1,0,0
133,91,200,1859-11-01,1859,11,3,91,33701.00,,0,0,0,1,0,1,0,0,0
134,140,101,1859-01-01,1859,,3,101,156000.00,,0,0,0,1,1,1,1,0,0
135,210,235,1859-04-01,1859,4,3,850,15850.00,1057800,0,0,0,0,0,0,0,0,0
136,235,210,1859-04-01,1859,4,3,860,18989.00,850300,1,0,0,0,0,0,0,0,0
137,325,300,1859-11-01,1859,11,3,300,21595.00,3009505,0,1,0,1,1,1,1,0,0
138,365,,1859-11-01,1859,11,1,365,12480.00,,0,1,0,1,,1,1,0,0
139,93,200,1860-01-01,1860,1,3,93,21367.00,,0,0,0,1,0,1,0,0,0
140,200,710,1860-10-01,1860,10,3,720,6.00,,0,1,0,0,1,0,1,0,0
141,220,,1860-01-01,1860,,1,430,39000.00,,0,1,0,0,,0,1,0,0
142,220,325,1860-03-01,1860,3,3,325,14778.00,,0,0,0,1,1,1,1,0,0
143,230,600,1860-09-01,1860,9,2,605,1505.00,,1,0,0,0,1,0,1,0,0
144,325,332,1860-03-01,1860,3,5,332,6031.00,598996,1,0,0,1,,1,1,0,1
145,325,335,1860-03-01,1860,3,5,335,6221.00,495840,1,0,0,1,,1,1,0,1
146,325,337,1860-03-01,1860,3,5,337,22163.00,1783279,1,0,0,1,,1,1,0,1
147,325,329,1860-12-01,1860,12,5,329,11950.00,8703130,1,0,0,1,,1,1,0,1
148,325,327,1860-12-01,1860,12,5,327,41445.00,3124668,0,0,0,1,1,1,1,0,1
149,365,710,1860-11-01,1860,11,3,710,234000.00,,0,0,0,1,1,1,1,0,0
152,200,,1861-08-01,1861,8,3,4781,12950.00,115000,0,0,0,0,,0,1,0,0
153,200,,1861-01-01,1861,,2,541,1.00,,0,0,0,0,,0,1,0,0
154,220,221,1861-01-01,1861,,2,221,2.00,,0,0,0,1,1,1,1,0,0
155,230,42,1861-12-01,1861,12,2,42,48734.00,200000,1,0,0,0,,0,1,0,0
156,200,692,1862-01-01,1862,,2,692,598.00,,1,0,0,0,,0,1,0,0
157,220,,1862-03-01,1862,3,3,522,6000.00,22730,0,0,0,0,,0,1,0,0
158,220,815,1862-06-01,1862,6,3,8151,22380.00,502116,0,1,0,0,1,0,1,0,0
159,2,91,1863-01-01,1863,,2,91,5.00,,0,0,0,0,1,0,1,0,0
160,220,,1863-02-01,1863,2,3,434,520.00,20000,0,0,0,0,,0,1,0,0
161,220,811,1863-12-01,1863,12,2,811,83861.00,1000000,1,0,0,0,,0,1,0,0
162,220,,1864-01-01,1864,,2,930,1958.00,15000,0,0,0,0,1,0,1,0,0
163,255,390,1864-10-01,1864,10,3,390,1046.00,50147,0,1,0,0,1,1,1,0,0
164,255,390,1864-06-01,1864,6,3,390,9194.00,409907,0,1,0,1,1,1,1,0,0
165,300,390,1864-06-01,1864,6,3,390,8534.00,544419,0,1,0,0,0,1,1,0,0
166,350,200,1864-06-01,1864,6,3,349,2608.00,234123,1,0,0,1,0,1,0,0,0
167,365,,1864-06-01,1864,6,1,365,36400.00,,0,1,0,1,,1,1,0,0
168,42,230,1865-12-01,1865,12,,42,48734.00,200000,1,0,1,,0,1,0,1,0
169,200,760,1865-11-01,1865,11,2,760,8889.00,,0,0,0,0,1,0,1,0,0
170,155,145,1866-12-01,1866,12,3,145,42896.00,,0,0,0,1,1,1,1,0,0
171,255,300,1866-08-01,1866,8,1,300,8537.00,544419,0,1,0,1,0,1,1,0,0
172,255,254,1866-08-01,1866,8,2,254,4709.00,457571,1,0,0,1,,1,1,0,0
173,255,247,1866-08-01,1866,8,2,247,101.00,87518,1,0,0,1,,1,1,0,0
174,255,240,1866-07-01,1866,7,1,240,38474.00,1923492,1,0,0,1,,1,1,0,0
175,255,273,1866-07-01,1866,7,2,273,9586.00,745063,1,0,0,1,,1,1,0,1
176,325,300,1866-07-01,1866,7,3,300,25145.00,2458989,0,1,0,1,1,1,1,0,0
177,2,,1867-08-01,1867,8,2,9730,5.00,0,1,0,0,0,,0,1,0,0
178,2,365,1867-10-01,1867,10,3,3,1518775.00,54000,1,0,0,0,1,0,1,0,0
179,140,145,1867-01-01,1867,,3,145,162500.00,,0,0,0,1,1,1,1,0,0
180,212,210,1867-12-01,1867,12,4,212,2567.00,203851,1,0,1,,0,1,0,1,0
181,220,815,1867-01-01,1867,,1,8151,33864.00,477000,0,1,0,0,1,0,1,0,0
182,255,257,1867-07-01,1867,7,5,257,6291.00,295242,1,0,0,1,,1,1,0,0
183,255,246,1867-07-01,1867,7,5,246,192.00,98575,1,0,0,1,,1,1,0,0
184,255,270,1867-07-01,1867,7,5,270,329.00,49482,1,0,0,1,,1,1,0,0
185,255,253,1867-07-01,1867,7,5,253,2725.00,99060,1,0,0,1,,1,1,0,0
186,255,248,1867-07-01,1867,7,5,248,352.00,229941,1,0,0,1,,1,1,0,0
187,255,252,1867-07-01,1867,7,5,252,1577.00,139287,1,0,0,1,,1,1,0,0
188,255,268,1867-07-01,1867,7,5,268,1121.00,58604,1,0,0,1,,1,1,0,0
189,255,241,1867-07-01,1867,7,5,241,2383.00,181824,1,0,0,1,,1,1,0,0
190,255,261,1867-07-01,1867,7,5,261,9407.00,742907,1,0,0,1,,1,1,0,0
191,255,244,1867-07-01,1867,7,5,244,3691.00,282400,1,0,0,1,,1,1,0,0
192,255,269,1867-07-01,1867,7,5,269,14939.00,2337192,1,0,0,1,,1,1,0,1
193,255,275,1867-07-01,1867,7,5,275,8386.00,853315,1,0,0,1,,1,1,0,1
194,255,280,1867-07-01,1867,7,5,280,13442.00,552612,1,0,0,1,,1,1,0,1
195,800,220,1867-01-01,1867,,3,811,35641.00,,0,0,0,1,0,1,0,0,0
196,200,570,1868-12-01,1868,12,2,570,21885.00,127700,1,0,0,0,,0,1,0,0
197,365,702,1868-06-01,1868,6,1,702,156000.00,2000000,1,1,0,1,,1,1,0,0
198,200,,1869-01-01,1869,,2,750,1645.00,,0,0,0,0,,0,1,0,0
199,325,,1869-01-01,1869,,3,531,629.00,1193,0,0,0,0,,0,1,0,0
200,140,150,1870-06-01,1870,6,3,150,65000.00,,0,1,0,1,1,1,1,0,0
201,160,150,1874-06-01,1874,6,3,150,117000.00,,0,1,0,1,1,1,1,0,0
202,220,,1870-01-01,1870,,1,615,400000.00,,0,1,0,0,,0,1,0,0
203,325,327,1870-10-01,1870,10,5,327,11790.00,723161,1,0,0,1,,1,1,0,0
204,200,210,1871-02-01,1871,2,3,452,27534.00,120000,0,0,0,0,0,0,0,0,0
205,200,,1871-10-01,1871,10,2,560,46102.00,25477,0,0,0,0,,0,1,0,0
206,255,220,1871-12-01,1871,12,3,220,14452.00,1549459,0,1,0,1,1,1,1,0,0
207,255,267,1871-01-01,1871,1,5,267,15311.00,1434970,1,0,0,1,,1,1,0,1
208,255,271,1871-01-01,1871,1,5,271,50526.00,1778479,1,0,0,1,,1,1,0,1
209,255,245,1871-01-01,1871,1,5,245,76073.00,4824421,1,0,0,1,,1,1,0,0
210,365,710,1871-01-01,1871,,2,710,42900.00,,0,0,0,1,1,1,1,0,0
211,640,672,1871-01-01,1871,,1,672,104338.00,,1,1,0,1,,1,1,0,0
212,2,200,1872-10-01,1872,10,3,20,,,0,0,0,1,0,1,0,0,0
213,640,694,1872-01-01,1872,,2,694,11000.00,22500,1,0,0,0,,1,1,0,0
214,640,678,1872-01-01,1872,,1,678,195000.00,2000000,1,1,0,1,,1,1,0,0
215,365,,1873-01-01,1873,,1,365,228800.00,,0,1,0,1,,1,1,0,0
216,365,703,1873-01-01,1873,,1,703,92463.00,110000,1,1,0,1,,1,1,0,0
217,740,,1873-01-01,1873,,2,740,104.00,,0,0,0,0,,0,1,0,0
218,200,950,1874-12-01,1874,12,2,950,18272.00,148040,1,0,0,0,,0,1,0,0
219,200,,1874-01-01,1874,1,2,821,29068.00,,0,0,0,0,,0,1,0,0
220,220,815,1874-03-01,1874,3,1,8151,33864.00,477000,0,1,0,0,1,0,1,0,0
221,651,,1874-01-01,1874,,1,625,2658063.00,11000000,1,1,0,1,,1,1,0,0
223,235,200,1875-07-01,1875,7,3,541,650.00,,0,0,0,0,0,0,0,0,0
224,365,740,1875-12-01,1875,12,3,740,32348.00,2358,0,0,0,1,1,1,1,0,0
225,640,673,1875-01-01,1875,,1,673,107120.00,,1,1,0,1,,1,1,0,0
226,740,365,1875-12-01,1875,12,3,365,4973.00,72,0,0,0,1,1,1,1,0,0
227,200,700,1876-01-01,1876,,2,700,,27270,0,0,0,0,1,0,1,0,0
228,365,701,1876-01-01,1876,1,1,701,728000.00,,1,1,0,1,,1,1,0,0
229,200,,1877-03-01,1877,3,2,565,969.00,800,0,0,0,0,,0,1,0,0
230,200,563,1877-04-01,1877,4,2,563,285363.00,815000,1,0,0,0,,0,1,0,0
231,200,,1877-01-01,1877,,3,9201,6.00,,1,0,0,0,,0,1,0,0
232,150,160,1878-01-01,1878,,3,160,1.00,10,0,0,0,1,1,1,1,0,0
233,200,640,1878-12-01,1878,12,3,352,9251.00,186084,1,0,0,0,1,0,1,0,0
234,200,,1878-01-01,1878,,1,560,1.00,,0,1,0,0,,0,1,0,0
235,300,640,1878-07-01,1878,7,6,346,42520.00,862202,1,0,0,1,1,1,1,0,0
236,300,640,1878-07-01,1878,7,6,3462,20280.00,349970,1,0,0,1,1,1,1,0,0
237,300,640,1878-07-01,1878,7,3,339,35.00,2000,0,1,0,1,1,1,1,0,0
238,345,640,1878-07-01,1878,7,4,345,42994.00,1352522,1,1,1,,1,1,0,1,0
239,345,640,1878-07-01,1878,7,3,640,11097.00,222732,0,1,0,1,1,1,1,0,0
240,348,640,1878-07-01,1878,7,4,348,4584.00,195585,1,1,1,,1,1,0,,0
241,348,640,1878-07-01,1878,7,3,640,4610.00,100000,0,1,0,1,1,1,1,0,0
242,360,640,1878-07-01,1878,7,4,360,118213.00,5073000,1,1,1,,1,1,0,1,0
243,360,640,1878-07-01,1878,7,3,640,15372.00,357000,0,1,0,1,1,1,1,0,0
245,365,360,1878-07-01,1878,7,3,360,9274.00,127000,0,0,0,1,1,1,1,0,0
246,365,640,1878-03-01,1878,3,3,640,25769.00,236600,0,1,0,1,1,1,1,0,0
247,160,,1879-01-01,1879,,1,160,669972.00,24000,0,1,0,1,,1,1,0,0
248,651,530,1879-12-01,1879,12,1,530,468000.00,325000,0,1,0,1,1,1,1,0,0
249,220,,1880-06-01,1880,6,2,960,209.00,793,0,0,0,0,,0,1,0,0
250,220,,1880-09-01,1880,9,3,484,540000.00,5000000,1,0,0,0,,0,1,0,0
251,348,640,1880-11-01,1880,11,3,640,520.00,,0,0,0,1,1,1,1,0,0
252,563,200,1880-04-01,1880,4,,563,285363.00,815000,1,1,1,,0,1,0,,0
253,640,348,1880-11-01,1880,11,3,348,1.00,200,0,0,0,1,1,1,1,0,0
254,155,160,1881-01-01,1881,,3,160,1.00,,0,0,0,1,1,1,1,0,0
255,160,155,1881-01-01,1881,,3,155,1.00,10,0,0,0,1,1,1,1,0,0
256,220,,1881-01-01,1881,,2,960,1000.00,5469,0,0,0,0,,0,1,0,0
257,220,616,1881-05-01,1881,5,1,616,116348.00,2100000,1,0,0,0,,0,1,0,0
258,350,640,1881-07-01,1881,7,3,640,13364.00,293000,0,0,0,1,1,1,1,0,0
259,365,,1881-01-01,1881,,2,365,4680.00,,0,0,0,1,,1,1,0,0
260,710,365,1881-02-01,1881,2,3,365,42900.00,,0,0,0,1,1,1,1,0,0
261,200,651,1882-09-01,1882,9,1,651,1021081.00,6806381,1,0,0,0,,0,1,0,0
262,155,135,1883-10-01,1883,10,1,135,51480.00,20000,0,1,0,0,1,1,1,0,0
263,220,,1883-01-01,1883,,2,434,500.00,,0,0,0,0,,0,1,0,0
264,220,815,1883-08-01,1883,8,2,815,90000.00,9000000,1,1,0,0,,0,1,0,0
265,155,145,1884-04-01,1884,4,1,145,50215.00,14000,0,1,0,1,1,1,1,0,0
266,200,563,1884-02-01,1884,2,3,563,19500.00,,0,0,0,0,1,0,1,0,0
267,200,,1884-12-01,1884,12,2,562,3250.00,,0,0,0,0,,0,1,0,0
268,200,,1884-11-01,1884,11,1,911,234654.00,137500,1,1,0,0,,0,1,0,0
269,200,,1884-12-01,1884,12,1,521,192000.00,153800,1,1,0,0,,0,1,0,0
270,220,,1884-12-01,1884,12,1,522,16000.00,180000,0,1,0,0,,0,1,0,0
271,255,,1884-04-01,1884,4,1,565,822907.00,250000,1,1,0,0,,0,1,0,0
272,255,,1884-07-01,1884,7,1,460,41440.00,500000,1,1,0,0,,0,1,0,0
273,255,,1884-11-01,1884,11,1,912,240870.00,297000,1,1,0,0,,0,1,0,0
274,255,,1884-07-01,1884,7,1,470,336700.00,2600000,1,1,0,0,,0,1,0,0
275,530,651,1884-01-01,1884,,3,530,468000.00,,0,0,0,1,0,1,0,0,0
276,625,200,1884-01-01,1884,1,,625,2658063.00,11000000,1,0,1,,0,1,0,,0
277,200,,1885-09-01,1885,9,2,571,440300.00,44135,1,0,0,0,,0,1,0,0
278,200,,1885-06-01,1885,6,1,4781,898000.00,24000000,0,1,0,0,,0,1,0,0
279,200,,1885-09-01,1885,9,2,560,133722.00,44135,0,0,0,0,,0,1,0,0
280,220,580,1885-12-01,1885,12,3,580,250.00,12237,0,1,0,0,1,0,1,0,0
281,220,,1885-01-01,1885,,3,481,200742.00,,0,0,0,0,,0,1,0,0
282,230,,1885-01-01,1885,1,1,412,26017.00,139000,1,1,0,0,,0,1,0,0
283,230,,1885-01-01,1885,1,1,609,266000.00,100000,1,1,0,0,,0,1,0,0
284,235,211,1885-02-01,1885,2,3,490,7298.00,,0,0,0,0,0,0,0,0,0
285,255,,1885-01-01,1885,,2,515,54222.00,,1,0,0,0,0,0,1,0,0
286,255,,1885-01-01,1885,,2,980,388.00,10000,0,0,0,0,,0,1,0,0
287,255,,1885-12-01,1885,12,2,940,22000.00,80000,0,0,0,0,,0,1,0,0
288,255,,1885-05-01,1885,5,2,501,3120.00,,0,0,0,0,,0,1,0,0
289,325,,1885-01-01,1885,,1,531,100.00,16000,0,1,0,0,,0,1,0,0
290,365,,1885-01-01,1885,,2,365,175000.00,,0,0,0,1,,1,1,0,0
291,200,775,1886-01-01,1886,1,1,775,492000.00,4000000,1,1,0,0,,0,1,0,0
292,200,,1886-01-01,1886,,3,681,160000.00,,1,0,0,0,,0,1,0,0
293,220,,1886-01-01,1886,,2,581,1782.00,47000,0,0,0,0,,0,1,0,0
294,235,511,1886-01-01,1886,,3,541,6000.00,,0,0,0,0,0,0,1,0,0
295,200,,1887-06-01,1887,6,2,560,23051.00,160000,0,0,0,0,,0,1,0,0
296,200,,1887-11-01,1887,11,2,935,14763.00,,1,0,0,0,,0,1,0,0
297,200,,1887-01-01,1887,,2,920,52.00,,0,0,0,0,,0,1,0,0
298,200,781,1887-01-01,1887,,2,781,298.00,30000,1,0,0,0,,0,1,0,0
299,200,511,1887-05-01,1887,5,3,501,7020.00,,0,0,0,0,1,0,1,0,0
300,220,,1887-11-01,1887,11,2,935,14763.00,,1,0,0,0,,0,1,0,0
301,220,,1887-04-01,1887,4,3,9321,161.00,,0,0,0,0,,0,1,0,0
303,155,,1888-09-01,1888,9,2,1151,119.00,175,1,0,0,0,,0,1,0,0
304,200,,1888-05-01,1888,5,2,823,76024.00,175000,1,0,0,0,,0,1,0,0
305,200,,1888-01-01,1888,,2,9452,155.00,,1,0,0,0,,0,1,0,0
306,200,835,1888-01-01,1888,,2,835,5765.00,45000,1,0,0,0,,0,1,0,0
307,200,,1888-12-01,1888,12,1,925,241.00,8400,1,1,0,0,,0,1,0,0
308,200,,1888-05-01,1888,5,1,824,48250.00,320000,1,1,0,0,,0,1,0,0
309,200,,1888-01-01,1888,,2,821,36192.00,,0,0,0,0,,0,1,0,0
310,220,,1888-01-01,1888,,1,430,635821.00,,0,1,0,0,,0,1,0,0
311,220,,1888-02-01,1888,2,3,9321,114.00,,0,0,0,0,,0,1,0,0
312,255,511,1888-04-01,1888,4,3,510,52000.00,,0,0,0,0,1,0,1,0,0
313,255,,1888-01-01,1888,,2,970,21.00,,1,0,0,0,,0,1,0,0
315,200,,1889-09-01,1889,9,2,553,119311.00,845547,1,0,0,0,,0,1,0,0
316,200,821,1889-01-01,1889,,2,821,7334.00,,0,0,0,0,1,0,1,0,0
317,200,511,1889-01-01,1889,,3,520,10000.00,,0,0,0,0,0,0,1,0,0
318,200,,1889-01-01,1889,,3,420,11000.00,,0,0,0,0,,0,1,0,0
320,220,,1889-01-01,1889,1,2,437,322463.00,2250000,0,0,0,0,,0,1,0,0
321,325,,1889-03-01,1889,3,1,531,247300.00,194579,0,1,0,0,,0,1,0,0
322,325,511,1889-08-01,1889,8,1,520,259000.00,400000,0,1,0,0,0,0,1,0,0
323,200,,1890-11-01,1890,11,2,501,48000.00,,0,0,0,0,,0,1,0,0
324,200,511,1890-06-01,1890,6,2,511,2642.00,150000,1,0,0,0,,0,1,0,0
325,200,255,1890-07-01,1890,7,3,501,3120.00,,0,0,0,0,0,0,0,0,0
326,200,572,1890-01-01,1890,,2,572,17363.00,55000,1,0,0,0,,0,1,0,0
327,200,761,1890-01-01,1890,,3,761,7298.00,30458,1,0,0,0,,1,0,0,0
328,235,,1890-01-01,1890,,2,540,468000.00,,0,0,0,0,,0,1,0,0
329,255,200,1890-07-01,1890,7,3,2249,2.00,2001,1,0,0,1,0,1,0,0,0
330,255,200,1890-01-01,1890,,3,565,18200.00,,0,0,0,0,0,0,0,0,0
331,255,,1890-01-01,1890,,2,510,130000.00,,0,0,0,0,,0,1,0,0
332,200,,1891-01-01,1891,,2,551,624107.00,650000,1,0,0,0,,0,1,0,0
333,211,235,1891-05-01,1891,5,3,540,1.00,,0,0,0,0,0,0,0,0,0
334,235,211,1891-05-01,1891,5,3,490,1.00,,0,0,0,0,0,0,0,0,0
335,200,,1892-01-01,1892,,2,945,956.00,37400,1,0,0,0,,0,1,0,0
336,200,696,1892-03-01,1892,3,3,696,92100.00,,1,0,0,0,,0,1,0,0
337,325,200,1892-01-01,1892,,3,520,10000.00,,0,0,0,0,0,0,0,0,0
338,200,700,1893-11-01,1893,11,3,700,104980.00,,0,0,0,0,1,0,1,0,0
339,200,,1893-01-01,1893,,2,940,21645.00,,0,0,0,0,,0,1,0,0
340,200,,1893-07-01,1893,7,1,552,389362.00,609157,1,1,0,0,,0,1,0,0
341,220,,1893-01-01,1893,,1,430,842400.00,,0,1,0,0,,0,1,0,0
342,220,812,1893-12-01,1893,12,1,812,255000.00,600000,1,1,0,0,,0,1,0,0
343,220,,1893-01-01,1893,1,2,9970,6931.00,0,0,0,0,0,,0,1,0,0
344,563,200,1893-11-01,1893,11,3,572,17363.00,55000,1,0,0,1,0,1,0,0,0
345,200,,1894-06-01,1894,6,2,500,64999.00,,0,0,0,0,,0,1,0,0
346,200,,1894-09-01,1894,9,2,560,10464.00,166080,0,0,0,0,,0,1,0,0
347,220,211,1894-08-01,1894,8,3,490,1.00,,0,0,0,0,0,0,0,0,0
348,220,,1894-12-01,1894,12,1,434,115760.00,600000,0,1,0,0,,0,1,0,0
349,220,,1894-01-01,1894,,3,482,622984.00,,1,0,0,0,,0,1,0,0
350,325,,1894-07-01,1894,7,1,625,1.00,,0,1,0,0,,0,1,0,0
351,140,150,1895-01-01,1895,,3,150,13000.00,,0,0,0,1,1,1,1,0,0
352,200,,1895-06-01,1895,6,2,560,1560.00,,0,0,0,0,,0,1,0,0
353,365,700,1895-03-01,1895,3,3,711,26000.00,,0,0,0,1,1,1,1,0,0
354,740,710,1895-04-01,1895,4,1,713,35763.00,2781272,1,0,0,1,1,1,1,0,0
355,200,,1896-08-01,1896,8,1,452,100000.00,317964,0,1,0,0,,0,1,0,0
356,200,,1896-06-01,1896,6,2,500,19685.00,,0,0,0,0,,0,1,0,0
357,200,,1896-08-01,1896,8,1,452,24484.00,,0,1,0,0,,0,1,0,0
358,200,,1896-08-01,1896,8,2,451,71939.00,1000000,0,0,0,0,,0,1,0,0
359,220,580,1896-12-01,1896,12,1,580,590000.00,3500000,1,1,0,0,,0,1,0,0
360,70,220,1897-01-01,1897,,1,960,5.00,0,0,0,0,0,0,1,0,0,0
361,200,325,1897-12-01,1897,12,3,625,1.00,,0,0,0,0,0,0,0,0,0
362,200,530,1897-01-01,1897,,3,530,20720.00,,0,0,0,0,1,0,1,0,0
363,200,,1897-01-01,1897,,2,452,98080.00,,0,0,0,0,,0,1,0,0
364,640,350,1897-05-01,1897,5,3,350,1.00,200,0,1,0,1,1,1,1,0,0
365,2,,1898-07-01,1898,7,2,9720,8.00,,1,0,0,0,,0,1,0,0
366,2,4,1898-08-01,1898,8,2,4,16638.00,109020,1,0,0,0,,0,1,0,0
367,2,230,1898-12-01,1898,12,3,985,541.00,9000,1,1,0,0,0,0,0,0,0
368,2,230,1898-12-01,1898,12,3,840,299404.00,7000000,1,1,0,0,0,0,0,0,0
369,2,230,1898-12-01,1898,12,3,6,8860.00,953243,1,1,0,0,0,0,0,0,0
370,2,230,1898-12-01,1898,12,3,40,114525.00,1572797,1,1,0,1,0,0,0,0,0
371,200,710,1898-03-01,1898,3,3,710,738.00,150000,0,0,0,0,1,0,1,0,0
372,200,220,1898-06-01,1898,6,3,475,71500.00,,0,0,0,0,0,0,0,0,0
373,200,710,1898-06-01,1898,6,3,720,953.00,100000,0,0,0,0,1,0,1,0,0
374,200,,1898-01-01,1898,,2,940,71728.00,,0,0,0,0,,0,1,0,0
375,220,200,1898-06-01,1898,6,3,430,13000.00,,0,0,0,0,0,0,0,0,0
376,365,710,1898-03-01,1898,3,3,710,3170.00,250000,0,0,0,0,1,1,1,0,0
377,200,640,1898-11-01,1898,11,1,351,8614.00,294190,1,1,0,0,0,0,1,0,0
378,2,990,1899-12-01,1899,12,3,991,195.00,4000,0,0,0,0,1,0,1,0,0
380,101,200,1899-10-01,1899,10,3,110,1.00,,0,0,0,1,0,1,0,0,0
381,200,255,1899-11-01,1899,11,3,460,1.00,,0,0,0,0,0,0,0,0,0
382,200,255,1899-11-01,1899,11,3,940,23310.00,89000,0,0,0,0,0,0,0,0,0
383,200,101,1899-10-01,1899,10,3,101,155400.00,,0,0,0,0,1,0,1,0,0
384,200,690,1899-01-01,1899,1,2,690,15540.00,50000,1,0,0,0,,0,1,0,0
385,200,625,1899-12-01,1899,12,1,625,2505823.00,2000000,1,1,0,0,,0,1,0,0
386,220,,1899-12-01,1899,12,1,430,2394466.00,,0,1,0,0,,0,1,0,0
387,255,200,1899-11-01,1899,11,3,452,1.00,,0,0,0,0,0,0,0,0,0
388,255,230,1899-12-01,1899,12,3,980,405.00,15069,0,0,0,0,0,0,0,0,0
389,255,990,1899-12-01,1899,12,3,990,2823.00,33000,0,0,0,0,1,0,1,0,0
391,200,955,1900-12-01,1900,12,2,955,700.00,26000,1,0,0,0,,0,1,0,0
392,365,710,1900-08-01,1900,8,1,711,939280.00,5530000,1,0,0,1,1,1,1,0,0
393,40,2,1902-05-01,1902,5,,40,114525.00,1572797,1,0,1,,1,1,0,1,0
394,155,160,1902-01-01,1902,,3,160,27708.00,,0,0,0,1,1,1,1,0,0
395,160,155,1902-01-01,1902,,3,155,20470.00,,0,0,0,1,1,1,1,0,0
396,200,530,1902-05-01,1902,5,3,530,292500.00,,0,0,0,0,1,0,1,0,0
397,200,563,1902-05-01,1902,5,1,563,286065.00,1000000,1,1,0,0,,0,1,0,0
398,200,564,1902-05-01,1902,5,1,564,129153.00,200000,1,1,0,0,,0,1,0,0
399,2,200,1903-10-01,1903,10,3,20,1.00,,0,0,0,1,0,1,0,0,0
400,2,95,1903-11-01,1903,11,3,96,1678.00,21650,1,0,0,0,1,0,1,0,0
401,95,100,1903-11-01,1903,11,4,95,75690.00,400000,1,1,1,,1,1,0,1,0
402,140,145,1903-11-01,1903,11,3,145,191000.00,70000,0,0,0,1,1,1,1,0,0
403,145,140,1903-01-01,1903,,3,140,3108.00,,0,0,0,1,1,1,1,0,0
404,200,,1903-03-01,1903,3,1,4784,668220.00,10000000,1,1,0,0,,0,1,0,0
405,220,600,1903-01-01,1903,,1,600,499870.00,62000,0,1,0,0,1,0,1,0,0
406,140,130,1904-05-01,1904,5,3,130,67600.00,,0,0,0,1,1,1,1,0,0
407,220,200,1904-04-01,1904,4,3,433,1.00,,0,0,0,0,0,0,0,0,0
408,220,200,1904-04-01,1904,4,3,430,1.00,,0,0,0,0,0,0,0,0,0
409,220,800,1904-02-01,1904,2,3,800,20720.00,,0,0,0,0,1,0,1,0,0
410,220,200,1904-01-01,1904,,3,438,16.00,,0,0,0,0,0,0,0,0,0
411,800,220,1904-02-01,1904,2,3,810,6076.00,,0,0,0,1,0,1,0,0,0
412,385,380,1905-10-01,1905,10,4,385,323917.00,2240032,1,0,1,,1,1,0,1,0
413,710,365,1905-08-01,1905,8,3,711,939280.00,5530000,1,1,0,1,1,1,1,0,0
414,740,365,1905-09-01,1905,9,3,710,3253.00,405680,0,0,0,0,1,0,0,0,0
415,740,365,1905-09-01,1905,9,3,7351,32348.00,9824,0,1,0,1,1,1,1,0,0
416,740,730,1905-08-01,1905,8,1,730,220891.00,5713244,1,0,0,1,,0,1,0,1
417,200,640,1906-05-01,1906,5,3,666,1.00,,0,0,0,0,1,0,1,0,0
418,211,200,1906-05-01,1906,5,3,625,38850.00,250000,0,0,0,0,0,0,0,0,0
419,140,100,1907-04-01,1907,4,3,100,162500.00,,0,0,0,1,1,1,1,0,0
420,140,145,1907-01-01,1907,,3,145,65000.00,,0,0,0,1,1,1,1,0,0
421,210,,1907-12-01,1907,12,1,850,53020.00,582175,0,1,0,0,,0,1,0,0
422,220,600,1907-08-01,1907,8,1,600,100.00,,0,0,0,0,1,0,1,0,0
423,220,800,1907-03-01,1907,3,3,800,18130.00,,0,0,0,0,1,0,1,0,0
424,800,220,1907-03-01,1907,3,3,810,35641.00,,0,0,0,1,0,1,0,0,0
425,355,640,1908-02-01,1908,2,4,355,96345.00,4035575,1,0,1,,1,1,0,1,0
426,135,145,1909-01-01,1909,,3,145,26000.00,,0,0,0,1,1,1,1,0,0
427,200,800,1909-03-01,1909,3,3,,38195.00,450000,0,0,0,0,1,0,1,0,0
428,220,,1909-01-01,1909,1,1,435,893700.00,223000,0,1,0,0,,0,1,0,0
429,200,211,1910-06-01,1910,6,3,490,38850.00,250000,0,0,0,0,0,0,0,0,0
430,200,760,1910-01-01,1910,1,3,760,46600.00,250000,1,0,0,0,,0,1,0,0
431,211,200,1910-05-01,1910,5,3,500,1.00,,0,0,0,0,0,0,0,0,0
432,600,220,1910-03-01,1910,3,3,600,100.00,,0,0,0,1,0,1,0,0,0
433,200,450,1911-01-01,1911,,3,450,800.00,,0,0,0,0,1,0,1,0,0
434,220,,1911-01-01,1911,,1,483,76534.00,,0,1,0,0,,0,1,0,0
435,255,220,1911-11-01,1911,11,3,470,259000.00,1000000,0,0,0,0,0,0,0,0,0
436,450,200,1911-01-01,1911,,3,451,800.00,,0,0,0,1,0,1,0,0,0
437,220,600,1912-03-01,1912,3,2,600,398523.00,5400000,0,0,0,0,,0,1,0,0
438,230,600,1912-11-01,1912,11,2,602,26000.00,600000,1,0,0,1,1,0,1,0,0
439,325,640,1912-05-01,1912,5,1,3353,2681.00,100198,0,1,0,0,0,0,1,0,0
440,325,640,1912-03-01,1912,3,1,620,1051539.00,523176,1,1,0,0,0,0,1,0,0
441,339,640,1912-11-01,1912,11,4,339,28748.00,825000,1,0,1,,1,1,0,1,0
442,345,355,1913-08-01,1913,8,3,355,27625.00,1000000,0,1,0,1,1,1,1,0,0
443,345,640,1913-05-01,1913,5,3,640,7020.00,,0,1,0,1,1,1,1,0,0
444,348,640,1913-05-01,1913,5,3,640,5200.00,,0,1,0,1,1,1,1,0,0
445,350,355,1913-08-01,1913,8,3,355,19110.00,1703000,0,1,0,1,1,1,1,0,0
446,350,640,1913-12-01,1913,12,3,640,3771.00,3000000,0,0,0,1,1,1,1,0,0
447,350,200,1913-12-01,1913,12,2,351,8715.00,342151,1,0,0,1,,1,0,0,0
448,350,640,1913-05-01,1913,5,3,640,24354.00,1500000,0,1,0,1,1,1,1,0,0
449,355,640,1913-05-01,1913,5,3,640,68250.00,,0,1,0,1,1,1,1,0,0
450,360,355,1913-05-01,1913,5,3,355,6959.00,286000,0,1,0,1,1,1,1,0,0
451,670,640,1913-01-01,1913,,1,673,107120.00,,1,0,0,1,1,1,1,0,0
452,200,,1914-05-01,1914,5,2,,18985.00,180412,0,0,0,0,,0,1,0,0
453,325,339,1914-10-01,1914,10,1,339,5.00,,0,0,0,1,1,1,1,0,0
454,339,350,1914-04-01,1914,4,3,350,1.00,,0,0,0,1,1,1,1,0,0
455,672,640,1914-01-01,1914,,4,672,104338.00,,1,1,1,,1,1,0,,0
456,740,255,1914-11-01,1914,11,3,710,518.00,168900,0,1,0,0,0,0,0,0,0
457,200,678,1915-01-01,1915,,2,678,182.00,,0,0,0,0,1,0,1,0,0
458,694,640,1915-01-01,1915,,4,694,11000.00,,1,0,1,,0,1,0,,0
459,2,93,1916-06-01,1916,6,3,93,10.00,,0,0,0,0,1,0,1,0,0
460,200,694,1916-11-01,1916,11,2,694,22014.00,25000,1,0,0,0,,0,1,0,0
461,230,220,1916-01-01,1916,,3,602,33020.00,9836,0,0,0,0,0,0,0,0,0
462,2,390,1917-12-01,1917,12,3,5,342.00,26051,1,0,0,0,0,0,0,0,0
463,375,365,1917-12-01,1917,12,4,375,325534.00,3105000,1,0,1,,1,1,0,1,0
464,290,365,1918-11-01,1918,11,4,290,263180.00,15400000,0,1,1,,1,1,0,1,0
465,315,305,1918-10-01,1918,10,3,315,140968.00,13600000,1,1,1,,1,1,0,1,0
466,366,365,1918-12-01,1918,12,4,366,59984.00,1107000,1,1,1,,1,1,0,1,0
467,367,365,1918-01-01,1918,1,4,367,63300.00,1596000,1,1,1,,1,1,0,1,0
468,368,365,1918-12-01,1918,12,4,368,154491.00,2029000,1,0,1,,1,1,0,1,0
469,369,365,1918-01-01,1918,1,4,369,444595.00,,1,1,1,,1,1,0,,0
470,371,365,1918-04-01,1918,4,4,371,31057.00,1214391,1,1,1,,0,1,0,,0
471,372,365,1918-04-01,1918,4,4,372,66976.00,2372403,1,1,1,,1,1,0,,0
472,373,365,1918-04-01,1918,4,4,373,84984.00,2096973,1,1,1,,1,1,0,,0
473,678,640,1918-10-01,1918,10,4,678,195000.00,1000000,1,0,1,,0,1,0,1,0
474,200,255,1919-05-01,1919,5,6,462,32634.00,188000,1,0,0,0,0,0,0,0,0
475,200,255,1919-05-01,1919,5,6,472,80290.00,550000,1,0,0,0,0,0,0,0,0
476,211,255,1919-06-01,1919,6,3,255,1000.00,61000,0,1,0,1,1,1,1,0,0
477,212,255,1919-06-01,1919,6,3,255,3.00,,0,0,0,1,1,1,1,0,0
478,220,255,1919-05-01,1919,5,6,461,56600.00,500000,1,0,0,0,0,0,0,0,0
479,220,255,1919-05-01,1919,5,6,471,432012.00,1500000,1,0,0,0,0,0,0,0,0
480,220,255,1919-06-01,1919,6,3,480,259000.00,,0,1,0,0,0,0,0,0,0
481,220,255,1919-06-01,1919,6,3,256,1945.00,657870,1,1,0,1,1,0,1,0,0
482,220,255,1919-06-01,1919,6,3,255,14514.00,1874014,0,1,0,1,1,1,1,0,0
483,235,255,1919-09-01,1919,9,3,541,1040.00,,0,1,0,0,0,0,0,0,0
484,290,255,1919-06-01,1919,6,3,255,420000.00,2700000,0,1,0,1,1,1,1,0,0
485,290,305,1919-09-01,1919,9,3,300,80080.00,8257505,0,1,0,1,1,1,1,0,0
486,291,255,1919-06-01,1919,6,3,291,2056.00,330252,1,1,1,,1,1,0,,0
487,310,305,1919-09-01,1919,9,3,310,91075.00,7990000,1,1,1,,1,1,0,1,0
488,325,220,1919-09-01,1919,9,3,616,1.00,,0,0,0,1,0,0,0,0,0
489,325,305,1919-09-01,1919,9,3,326,96.00,229510,1,1,0,1,0,1,1,0,0
490,325,305,1919-09-01,1919,9,3,305,18941.00,1178786,0,1,0,1,1,1,1,0,0
491,345,355,1919-11-01,1919,11,3,355,2500.00,112500,0,1,0,1,1,1,1,0,0
492,345,305,1919-09-01,1919,9,3,300,53636.00,1931802,0,1,0,1,1,1,1,0,0
493,350,355,1919-11-01,1919,11,3,355,6400.00,320000,0,1,0,1,1,1,1,0,0
494,560,255,1919-05-01,1919,5,6,565,822907.00,206000,1,0,0,1,0,0,0,0,0
495,900,255,1919-07-01,1919,7,6,970,21.00,2120,1,0,0,0,0,0,0,0,0
496,20,200,1920-12-01,1920,12,,20,9571661.00,9235000,1,0,1,,0,1,0,1,0
497,21,200,1920-12-01,1920,12,,21,421481.00,265000,1,0,1,,0,1,0,,0
498,200,640,1920-03-01,1920,3,6,666,23310.00,757182,1,0,0,0,0,0,1,0,0
499,200,640,1920-03-01,1920,3,6,663,89484.00,200000,1,0,0,0,0,0,1,0,0
500,200,640,1920-04-01,1920,4,6,645,280031.00,2849282,1,0,0,0,1,0,1,0,0
501,200,255,1920-01-01,1920,1,6,510,939361.00,5000000,1,0,0,0,0,0,0,0,0
502,220,640,1920-04-01,1920,4,6,652,184920.00,1969004,1,0,0,0,1,0,1,0,0
503,290,315,1920-07-01,1920,7,3,315,1009.00,145241,0,0,0,1,1,1,1,0,0
504,290,368,1920-10-01,1920,10,3,368,29818.00,2075700,0,1,0,1,1,1,1,0,0
505,305,345,1920-10-01,1920,10,3,345,5055.00,392431,0,0,0,1,1,1,1,0,0
506,315,290,1920-07-01,1920,7,3,290,528.00,113500,0,0,0,1,1,1,1,0,0
507,315,310,1920-06-01,1920,6,3,310,53320.00,2940374,0,1,0,1,1,1,1,0,0
508,325,345,1920-11-01,1920,11,3,326,5271.00,404309,0,0,0,1,1,1,1,0,0
509,345,325,1920-11-01,1920,11,3,326,1.00,1000,0,0,0,1,1,1,1,0,0
510,345,310,1920-06-01,1920,6,3,310,71540.00,4095258,0,1,0,1,1,1,1,0,0
511,360,365,1920-03-01,1920,3,3,360,45632.00,2686600,0,1,0,1,1,1,1,0,0
512,360,310,1920-06-01,1920,6,3,310,108289.00,5200000,0,1,0,1,1,1,1,0,0
513,365,371,1920-11-01,1920,11,1,371,31057.00,1214391,1,1,0,0,,1,1,0,0
514,365,373,1920-04-01,1920,4,1,373,84984.00,2096973,1,1,0,1,,1,1,0,0
515,365,372,1920-02-01,1920,2,1,372,66976.00,2372403,1,1,0,1,,1,1,0,0
516,365,369,1920-12-01,1920,12,1,369,444595.00,,1,1,0,1,,1,1,0,0
517,390,255,1920-02-01,1920,2,3,255,3800.00,160000,0,0,0,1,1,1,1,0,0
519,560,200,1920-12-01,1920,12,,560,1223409.00,6930727,1,0,1,,0,1,0,1,0
520,671,640,1920-08-01,1920,8,4,671,259000.00,750000,1,1,1,,0,1,0,,0
522,740,255,1920-12-01,1920,12,6,980,2476.00,70500,1,0,0,0,0,0,0,0,0
524,900,255,1920-12-01,1920,12,6,912,240870.00,400000,1,0,0,0,0,0,0,0,0
525,900,200,1920-12-01,1920,12,,900,7695094.00,5426008,1,0,1,,0,1,0,1,0
526,920,255,1920-12-01,1920,12,6,990,2823.00,41828,1,0,0,0,0,0,0,0,0
527,920,200,1920-12-01,1920,12,,920,268676.00,1268046,1,0,1,,0,1,0,1,0
528,94,95,1921-08-01,1921,8,2,95,1.00,100,0,0,0,1,1,1,1,0,0
530,290,365,1921-03-01,1921,3,3,365,113722.00,3683568,0,1,0,1,1,1,1,0,0
531,310,305,1921-12-01,1921,12,3,305,225.00,39525,0,0,0,1,1,1,1,0,0
532,365,640,1921-03-01,1921,3,3,640,6975.00,186000,0,0,0,1,1,1,1,0,0
533,375,380,1921-06-01,1921,6,3,380,1422.00,27123,0,0,0,1,1,1,1,0,0
534,712,710,1921-07-01,1921,7,4,712,1531000.00,2400000,1,1,1,,1,1,0,1,0
535,2,,1922-05-01,1922,5,2,9760,0.00,0,1,0,0,0,,0,1,0,0
536,100,101,1922-03-01,1922,3,3,101,1.00,100,0,0,0,1,1,1,1,0,0
537,205,200,1922-12-01,1922,12,,205,68891.00,3165000,1,1,1,,1,1,0,1,0
538,255,290,1922-08-01,1922,8,3,255,9702.00,1299127,0,0,0,1,1,1,1,0,0
539,290,255,1922-08-01,1922,8,3,255,3221.00,893074,0,0,0,1,1,1,1,0,0
540,651,200,1922-02-01,1922,2,,651,994300.00,12800000,1,0,1,,0,1,0,1,0
541,710,740,1922-02-01,1922,2,3,710,552.00,192000,0,0,0,1,0,1,1,0,0
542,368,0,1923-02-01,1923,2,2,368,2846.00,151960,0,0,0,1,,1,,0,0
543,211,255,1924-10-01,1924,10,6,515,54222.00,3000000,1,0,0,0,0,0,0,0,0
544,325,345,1924-01-01,1924,1,3,345,17.00,49806,0,0,0,1,1,1,1,0,0
545,325,200,1924-07-01,1924,7,3,501,85470.00,12000,0,0,0,0,0,0,0,0,0
546,345,325,1924-01-01,1924,1,3,325,1.00,,0,0,0,1,1,1,1,0,0
547,0,220,1924-02-01,1924,2,3,601,363.00,50000,1,0,0,,0,,0,0,0
548,325,651,1925-12-01,1925,12,3,651,400.00,,0,0,0,0,1,0,1,0,0
549,651,325,1925-12-01,1925,12,3,620,1.00,,0,0,0,1,0,1,0,0,0
550,200,640,1926-06-01,1926,6,3,645,91009.00,703378,0,0,0,0,1,0,1,0,0
551,920,200,1926-02-01,1926,2,3,9201,6.00,1033,1,0,0,0,0,0,0,0,0
552,211,235,1927-07-01,1927,7,3,540,3.00,,0,0,0,0,0,0,0,0,0
553,235,211,1927-07-01,1927,7,3,490,3500.00,,0,0,0,0,0,0,0,0,0
555,210,2,1928-04-01,1928,4,3,850,1.00,,0,0,0,0,0,0,0,0,0
556,385,200,1928-01-01,1928,1,3,9993,48.00,0,1,0,0,0,0,0,0,0,0
557,135,155,1929-06-01,1929,6,3,155,8498.00,30000,0,0,0,1,1,1,1,0,0
558,328,325,1929-02-01,1929,2,,328,0.00,639,1,0,1,,1,1,0,,0
559,710,200,1930-10-01,1930,10,3,710,738.00,154416,0,0,0,1,0,1,0,0,0
560,220,70,1932-01-01,1932,,3,960,5.00,0,0,0,0,0,0,0,1,0,0
561,645,200,1932-10-01,1932,10,,645,301994.00,3560456,1,0,1,,0,1,0,1,0
562,740,710,1932-01-01,1932,1,1,711,1304292.00,32900000,1,1,0,0,1,1,1,0,0
563,200,21,1933-12-01,1933,12,3,21,404519.00,289516,1,0,0,0,,0,1,0,0
564,740,710,1933-05-01,1933,5,1,710,173960.00,2963027,0,1,0,0,1,1,1,0,0
565,100,135,1934-12-01,1934,12,3,135,113882.00,40000,0,0,0,1,1,1,1,0,0
566,325,220,1934-01-01,1934,,3,625,1.00,,0,0,0,0,0,0,0,0,0
567,670,678,1934-06-01,1934,6,3,678,1.00,50,0,1,0,1,1,1,1,0,0
568,150,145,1935-10-01,1935,10,1,145,233100.00,35000,0,0,0,1,1,1,1,0,0
569,255,220,1935-03-01,1935,3,5,256,1912.00,812030,1,0,0,1,1,1,0,0,0
570,325,220,1935-01-01,1935,1,3,522,800.00,,0,0,0,0,0,0,0,0,0
571,325,530,1936-05-01,1936,5,1,530,906499.00,7000000,1,1,0,0,,0,1,0,0
572,740,710,1937-07-01,1937,7,1,710,1500000.00,,0,1,0,0,1,1,1,0,0
573,255,305,1938-03-01,1938,3,2,305,83869.00,6760000,1,0,0,1,,1,1,0,0
574,255,315,1938-09-01,1938,9,3,315,28674.00,3653292,0,0,0,1,1,1,1,0,0
575,290,315,1938-10-01,1938,10,2,315,1085.00,241698,0,0,0,1,1,1,1,0,0
576,310,315,1938-11-01,1938,11,3,317,11826.00,1027450,0,0,0,1,1,1,1,0,0
577,255,315,1939-03-01,1939,3,2,315,98909.00,9807096,1,0,0,1,,1,1,0,0
578,255,368,1939-03-01,1939,3,2,368,2846.00,152660,0,0,0,1,1,1,1,0,0
579,310,315,1939-03-01,1939,3,1,315,11094.00,522124,0,0,0,1,1,1,1,0,0
580,317,315,1939-03-01,1939,3,4,317,38456.00,2450096,1,0,1,,1,1,0,,0
581,325,339,1939-04-01,1939,4,1,339,28748.00,1003124,1,1,0,1,,1,1,0,0
582,368,365,1939-10-01,1939,10,3,290,6656.00,457500,0,0,0,1,1,1,1,0,0
583,640,220,1939-06-01,1939,6,3,652,5312.00,273350,0,0,0,1,0,1,0,0,0
584,355,360,1940-06-01,1940,6,3,360,7421.00,,0,0,0,1,1,1,1,0,0
585,365,366,1940-07-01,1940,7,1,366,47549.00,1126000,1,0,0,1,,1,1,0,1
586,365,367,1940-07-01,1940,7,1,367,65773.00,1950000,1,0,0,1,,1,1,0,1
587,365,368,1940-07-01,1940,7,1,368,59464.00,2879070,1,0,0,1,,1,1,0,1
588,530,325,1941-04-01,1941,4,3,530,906499.00,15000000,1,1,1,,0,1,0,1,0
589,135,130,1942-01-01,1942,1,3,130,190807.00,31000,0,1,0,1,1,1,1,0,0
590,395,390,1944-07-01,1944,7,4,395,103000.00,132000,1,0,1,,0,1,0,1,0
591,2,740,1945-09-01,1945,9,3,741,2354.00,869287,1,1,0,0,1,0,1,0,0
592,290,255,1945-12-01,1945,12,3,255,102556.00,5022000,0,1,0,1,1,1,1,0,0
593,315,255,1945-04-01,1945,4,3,315,127860.00,12900000,1,1,1,,1,1,0,,0
594,315,310,1945-04-01,1945,4,3,315,22922.00,1000000,0,1,0,1,1,1,1,,0
595,315,317,1945-04-01,1945,4,2,317,38456.00,2450096,1,0,0,1,,1,1,,0
596,339,325,1945-05-01,1945,5,3,339,28748.00,1132000,1,1,1,,1,1,0,,0
597,365,255,1945-04-01,1945,4,3,255,13000.00,,0,1,0,1,1,1,1,0,0
598,365,290,1945-02-01,1945,2,3,290,179460.00,,0,0,0,1,1,1,1,0,0
599,365,315,1945-06-01,1945,6,3,315,7000.00,,0,0,0,1,1,1,1,0,0
600,365,740,1945-09-01,1945,9,3,740,41063.00,339357,0,1,0,1,1,1,1,0,0
601,710,740,1945-09-01,1945,9,3,713,35763.00,6084000,1,1,0,1,1,1,0,0,0
602,710,740,1945-09-01,1945,9,3,710,1500000.00,,0,1,0,1,0,1,1,0,0
603,1,255,1945-04-01,1945,4,3,305,83869.00,6952744,1,1,0,,1,,1,0,1
604,1,740,1945-09-01,1945,9,3,730,220891.00,25100000,1,1,0,,1,,0,0,0
605,1,740,1945-09-01,1945,9,3,740,371205.00,73100000,1,1,0,,,,1,0,1
606,1,255,1945-05-01,1945,5,1,255,472605.00,69600000,1,0,0,,,,1,0,1
607,652,220,1946-04-01,1946,4,,652,184920.00,2978000,1,1,1,,0,1,0,1,0
608,660,220,1946-08-01,1946,8,,660,10400.00,1156000,1,0,1,,0,1,0,1,0
609,663,200,1946-03-01,1946,3,,663,89484.00,400000,1,0,1,,0,1,0,1,0
610,840,2,1946-07-01,1946,7,,840,299404.00,18400000,1,0,1,,0,1,0,1,0
611,2,740,1947-04-01,1947,4,6,980,1779.00,47000,1,0,0,0,0,0,0,0,0
612,220,325,1947-02-01,1947,2,3,325,1.00,,0,1,0,1,1,1,1,0,0
613,220,260,1947-10-01,1947,10,2,256,2567.00,874000,1,0,0,1,1,1,1,0,0
614,315,310,1947-02-01,1947,2,3,310,1.00,,0,1,0,1,1,1,1,0,0
615,339,325,1947-02-01,1947,2,3,339,5.00,,0,1,0,1,1,1,1,0,0
616,345,325,1947-02-01,1947,2,3,325,3600.00,,0,1,0,1,1,1,1,0,0
617,350,325,1947-02-01,1947,2,3,3353,2681.00,115343,0,1,0,1,0,1,1,0,0
618,365,360,1947-02-01,1947,2,1,360,49987.00,3500000,0,1,0,1,1,1,1,0,0
619,365,375,1947-02-01,1947,2,3,375,44104.00,450000,0,1,0,1,1,1,1,0,0
620,560,,1947-12-01,1947,12,2,560,429.00,0,0,0,0,0,,1,1,0,0
621,750,200,1947-08-01,1947,8,,750,2729368.00,345000,1,0,1,,0,1,0,1,0
622,770,200,1947-08-01,1947,8,,770,863777.00,72200000,1,0,1,,0,1,0,1,0
623,900,200,1947-12-01,1947,12,3,9005,412.00,0,1,0,0,0,0,0,0,0,0
624,1,325,1947-02-01,1947,2,3,620,1774149.00,1124000,1,1,0,,0,,0,0,0
625,1,325,1947-02-01,1947,2,3,326,743.00,292000,1,1,0,,1,,1,0,0
626,1,325,1947-02-01,1947,2,3,520,461541.00,1086000,1,1,0,,0,,0,0,0
627,1,325,1947-02-01,1947,2,3,531,124000.00,1000000,1,1,0,,0,,0,0,0
628,20,200,1948-07-01,1948,7,5,21,404519.00,324000,1,0,0,1,0,1,0,0,0
629,666,200,1948-05-01,1948,5,,666,12820.00,782000,1,1,1,,0,1,0,1,0
630,731,365,1948-09-01,1948,9,,731,121129.00,8000000,1,0,1,,1,1,0,1,0
631,732,2,1948-08-01,1948,8,,732,98500.00,20200000,1,0,1,,0,1,0,1,0
632,775,200,1948-01-01,1948,1,,775,678034.00,18100000,1,0,1,,0,1,0,1,0
633,780,200,1948-01-01,1948,1,,780,65610.00,7244000,1,0,1,,0,1,0,1,0
634,210,260,1949-04-01,1949,4,3,260,78.00,9000,0,0,0,1,1,1,1,0,0
635,211,255,1949-04-01,1949,4,3,255,18.00,,0,0,0,1,1,1,1,0,0
636,212,255,1949-04-01,1949,4,3,255,6.00,,0,0,0,1,1,1,1,0,0
637,220,255,1949-04-01,1949,4,3,255,7.00,,0,0,0,1,1,1,1,0,0
638,325,1,1949-04-01,1949,4,6,520,461541.00,1086000,1,0,0,0,,0,,0,0
639,651,666,1949-02-01,1949,2,1,666,258.00,405000,0,1,0,1,1,1,1,0,0
640,663,666,1949-07-01,1949,7,1,666,5607.00,400000,0,1,0,1,1,1,1,0,0
642,713,710,1949-12-01,1949,12,4,713,36156.00,7099000,1,1,1,,1,1,0,1,0
643,750,770,1949-01-01,1949,1,1,7507,139860.00,2700000,0,1,0,1,1,1,1,0,0
644,760,750,1949-08-01,1949,8,3,750,83.00,19920,0,0,0,1,1,1,1,0,0
645,760,750,1949-08-01,1949,8,,760,46600.00,300000,1,0,1,,1,1,0,1,0
646,770,750,1949-01-01,1949,1,1,7507,32024.00,1320000,0,1,0,1,1,1,1,0,0
647,850,210,1949-12-01,1949,12,,850,1491562.00,74800000,1,1,1,,0,1,0,1,0
648,750,220,1950-12-01,1950,12,3,751,10.00,44786,0,0,0,1,0,1,0,0,0
649,750,761,1950-12-01,1950,12,3,761,7298.00,137158,1,0,0,1,,1,1,0,0
650,290,365,1951-05-01,1951,5,3,365,240.00,7000,0,0,0,1,1,1,1,0,0
651,365,290,1951-05-01,1951,5,3,290,240.00,7000,0,0,0,1,1,1,1,0,0
652,620,1,1951-12-01,1951,12,,620,1774149.00,1091830,1,0,1,,,1,,1,0
653,530,1,1952-09-01,1952,9,5,531,124000.00,1000000,1,0,0,1,,1,,0,0
654,740,1,1952-04-01,1952,4,,740,371205.00,83200000,1,0,1,,,1,,,0
655,740,2,1953-12-01,1953,12,3,741,1000.00,,0,0,0,1,0,1,0,0,0
656,811,220,1953-11-01,1953,11,,811,172511.00,4440000,1,0,1,,0,1,0,1,0
657,265,365,1954-03-01,1954,3,,265,107834.00,18100000,1,0,1,,0,1,0,1,0
658,325,1,1954-10-01,1954,10,3,326,223.00,297000,0,0,0,1,,1,,0,0
659,345,1,1954-10-01,1954,10,3,326,516.00,62725,0,0,0,1,,1,,0,0
660,750,220,1954-11-01,1954,11,3,751,503.00,323000,1,0,0,1,0,1,0,0,0
661,812,220,1953-12-01,1953,12,,812,236800.00,1505000,1,0,1,,0,1,0,1,0
662,816,220,1954-12-01,1954,12,,816,155203.00,16100000,1,1,1,,0,1,0,1,0
663,817,220,1954-12-01,1954,12,,817,168350.00,9934000,1,1,1,,0,1,0,1,0
664,220,620,1955-01-01,1955,,3,620,26000.00,,0,0,0,0,1,0,1,0,0
665,260,1,1955-05-01,1955,5,,260,247476.00,50200000,1,0,0,,,1,,1,0
666,305,1,1955-07-01,1955,7,,305,83869.00,6947000,1,0,0,,,1,,1,0
667,710,713,1955-02-01,1955,2,3,713,1.00,300,0,1,0,1,1,1,1,0,0
668,900,200,1955-11-01,1955,11,3,9002,14.00,500,1,0,0,0,0,0,0,0,0
669,260,211,1956-09-01,1956,9,3,211,1.00,648,0,0,0,1,1,1,1,0,0
670,600,220,1956-03-01,1956,3,,600,380800.00,8955000,1,0,1,,0,1,0,1,0
671,600,230,1956-04-01,1956,4,3,602,19656.00,1045000,0,0,0,1,1,1,0,0,0
672,600,1,1956-10-01,1956,10,3,601,349.00,183000,1,0,0,1,,1,,0,0
673,616,220,1956-03-01,1956,3,,616,125180.00,3963000,1,0,1,,0,1,0,1,0
674,625,200,1956-01-01,1956,1,,625,2505823.00,10300000,1,0,1,,0,1,0,1,0
675,651,200,1956-06-01,1956,6,3,651,1.00,,0,0,0,1,0,1,0,0,0
676,740,365,1956-10-01,1956,10,3,365,500.00,,0,0,0,1,1,1,1,0,0
677,260,220,1957-01-01,1957,1,3,256,2567.00,992000,1,0,0,1,1,1,0,0,0
678,452,200,1957-03-01,1957,3,,452,204097.00,6250000,1,0,1,,0,1,0,1,0
679,452,200,1957-03-01,1957,3,5,462,33776.00,429000,1,0,0,1,0,1,0,0,0
680,820,200,1957-08-01,1957,8,,820,131287.00,6279000,1,0,1,,0,1,0,1,0
681,438,220,1958-10-01,1958,10,,438,245857.00,2896000,1,0,1,,0,1,0,1,0
682,600,230,1958-04-01,1958,4,3,602,13219.00,9000,1,0,0,1,0,1,0,0,0
683,651,652,1958-02-01,1958,2,5,652,1187338.00,29300000,1,0,0,0,0,1,1,0,0
684,750,770,1958-09-01,1958,9,3,770,1.00,,0,0,0,1,1,1,1,0,0
685,770,750,1958-09-01,1958,9,3,750,1.00,300,0,0,0,1,1,1,1,0,0
686,770,698,1958-09-01,1958,9,3,698,1.00,8146,0,0,0,1,0,1,0,0,0
687,900,200,1958-10-01,1958,10,3,9002,135.00,3361,1,0,0,0,0,0,0,0,0
688,91,93,1960-11-01,1960,11,3,93,20720.00,,0,0,0,1,1,1,1,0,0
689,352,200,1960-08-01,1960,8,,352,9251.00,573000,1,0,1,,0,1,0,1,0
690,432,220,1960-04-01,1960,4,,432,1401182.00,7172000,1,0,1,,0,1,0,,0
692,433,432,1960-08-01,1960,8,4,433,197161.00,3110000,1,0,1,,1,1,0,1,0
693,434,220,1960-08-01,1960,8,,434,115760.00,2050000,1,0,1,,0,1,0,1,0
694,435,220,1960-11-01,1960,11,,435,1085805.00,970000,1,0,1,,0,1,0,1,0
695,436,220,1960-08-01,1960,8,,436,1188794.00,2876000,1,0,1,,0,1,0,1,0
696,437,220,1960-08-01,1960,8,,437,322463.00,3230000,1,0,1,,0,1,0,1,0
697,439,220,1960-08-01,1960,8,,439,274200.00,4400000,1,0,1,,0,1,0,1,0
698,461,220,1960-04-01,1960,4,,461,56600.00,1440000,1,0,1,,0,1,0,1,0
699,471,220,1960-01-01,1960,1,,471,432012.00,4700000,1,0,1,,0,1,0,1,0
700,475,200,1960-10-01,1960,10,,475,878447.00,52000000,1,0,1,,0,1,0,1,0
701,481,220,1960-08-01,1960,8,,481,267000.00,446000,1,0,1,,0,1,0,1,0
702,482,220,1960-08-01,1960,8,,482,626000.00,1227000,1,0,1,,0,1,0,1,0
703,483,220,1960-08-01,1960,8,,483,1283000.00,3070000,1,0,1,,0,1,0,1,0
704,484,220,1960-08-01,1960,8,,484,342000.00,773000,1,0,1,,0,1,0,1,0
705,490,211,1960-06-01,1960,6,,490,2344932.00,14100000,1,0,1,,0,1,0,1,0
706,520,325,1960-07-01,1960,7,,520,461541.00,1330000,1,0,1,,0,1,0,1,0
707,520,200,1960-07-01,1960,7,5,521,176120.00,650000,1,0,0,1,0,1,0,0,0
708,580,220,1960-06-01,1960,6,,580,590000.00,5393000,1,0,1,,0,1,0,1,0
709,434,235,1961-08-01,1961,8,1,434,2.00,12,0,0,0,1,0,1,0,0,0
710,451,200,1961-04-01,1961,4,,451,72326.00,2252000,1,0,1,,0,1,0,1,0
711,471,200,1961-02-01,1961,2,5,472,42945.00,840000,0,0,0,1,0,1,0,0,0
712,475,200,1961-02-01,1961,2,5,472,45325.00,,0,0,0,1,0,1,0,0,0
713,510,200,1961-12-01,1961,12,,510,939361.00,9399000,1,0,1,,0,1,0,1,0
714,652,651,1961-09-01,1961,9,4,652,184920.00,4693000,1,0,1,,0,1,0,1,0
715,690,200,1961-06-01,1961,6,,690,15540.00,322000,1,0,1,,0,1,0,1,0
716,710,775,1961-10-01,1961,10,3,775,161.00,0,0,0,0,1,1,1,1,0,0
717,750,235,1961-12-01,1961,12,1,752,4193.00,649660,1,1,0,1,0,1,0,0,0
718,790,710,1961-10-01,1961,10,3,710,780.00,31200,0,0,0,1,1,1,1,0,0
719,51,200,1962-08-01,1962,8,,51,11424.00,1661000,1,0,1,,0,1,0,1,0
720,52,200,1962-08-01,1962,8,,52,5128.00,900000,1,0,1,,0,1,0,1,0
721,500,200,1962-10-01,1962,10,,500,243411.00,7016000,1,0,1,,0,1,0,1,0
722,516,211,1962-07-01,1962,7,,516,27834.00,3025000,1,0,1,,0,1,0,1,0
723,517,211,1962-07-01,1962,7,,517,26388.00,2840000,1,0,1,,0,1,0,1,0
724,615,220,1962-07-01,1962,7,,615,2381741.00,10900000,1,1,1,,0,1,0,1,0
725,990,920,1962-01-01,1962,1,,990,2823.00,116000,1,0,1,,0,1,0,1,0
726,70,2,1963-07-01,1963,7,3,2,2.00,100,0,0,0,1,1,1,1,0,0
727,260,210,1963-08-01,1963,8,3,210,1.00,,0,0,0,1,1,1,1,0,0
728,501,200,1963-12-01,1963,12,,501,582646.00,8847000,1,0,1,,0,1,0,1,0
729,511,200,1963-12-01,1963,12,,511,2642.00,329000,1,0,1,,0,1,0,1,0
730,770,710,1963-03-01,1963,3,3,710,1942.00,9136,0,0,0,1,1,1,1,0,0
731,820,200,1963-10-01,1963,10,5,830,583.00,1733000,1,0,0,1,0,1,0,0,0
732,820,200,1963-10-01,1963,10,5,823,76115.00,478000,1,0,0,0,0,1,0,0,0
733,820,200,1963-10-01,1963,10,5,824,124967.00,778000,1,0,0,0,0,1,0,0,0
734,850,210,1963-05-01,1963,5,3,851,412781.00,751000,1,1,0,1,0,1,0,0,0
735,338,200,1964-09-01,1964,9,,338,316.00,324000,1,0,1,,0,1,0,1,0
736,510,511,1964-04-01,1964,4,5,511,942003.00,11400000,1,0,0,1,1,1,1,0,0
737,551,200,1964-10-01,1964,10,,551,751936.00,3600000,1,0,1,,0,1,0,1,0
738,553,200,1964-07-01,1964,7,,553,119311.00,3845000,1,0,1,,0,1,0,1,0
739,420,200,1965-02-01,1965,2,,420,10368.00,330000,1,0,1,,0,1,0,1,0
740,663,670,1965-08-01,1965,8,3,670,750.00,750,0,0,0,1,1,1,1,0,0
741,670,663,1965-08-01,1965,8,3,663,750.00,750,0,0,0,1,1,1,1,0,0
742,781,200,1965-07-01,1965,7,,781,298.00,98000,1,0,1,,0,1,0,,0
743,830,820,1965-08-01,1965,8,4,830,583.00,1865000,1,0,1,,1,1,0,1,0
744,53,200,1966-11-01,1966,11,,53,430.00,238000,1,0,1,,0,1,0,1,0
745,110,200,1966-05-01,1966,5,,110,210000.00,714223,1,0,1,,0,1,0,1,0
746,570,200,1966-10-01,1966,10,,570,30340.00,1080857,1,0,1,,0,1,0,1,0
747,571,200,1966-09-01,1966,9,,571,575000.00,667000,1,0,1,,0,1,0,1,0
748,666,651,1967-06-01,1967,6,1,651,53242.00,418800,0,1,0,1,1,1,1,0,0
749,666,652,1967-06-01,1967,6,1,652,1710.00,60000,0,1,0,1,1,1,1,0,0
750,666,663,1967-06-01,1967,6,1,663,5878.00,674500,0,1,0,1,1,1,1,0,0
751,680,200,1967-11-01,1967,11,,680,160300.00,1250000,1,0,1,,0,1,0,1,0
752,698,200,1967-01-01,1967,,3,698,73.00,85,0,0,0,1,0,1,0,0,0
753,411,230,1968-10-01,1968,10,,411,28051.00,290000,1,0,1,,0,1,0,1,0
754,572,200,1968-09-01,1968,9,,572,17400.00,442195,1,0,1,,0,1,0,1,0
755,590,200,1968-03-01,1968,3,,590,1865.00,830700,1,0,1,,0,1,0,1,0
756,740,2,1968-06-01,1968,6,3,,100.00,,0,0,0,0,0,1,0,0,0
757,750,770,1968-02-01,1968,2,3,770,7000.00,,0,0,0,1,1,1,1,0,0
758,770,750,1968-02-01,1968,2,3,750,780.00,187200,0,0,0,1,1,1,1,0,0
759,970,900,1968-01-01,1968,1,,970,22.00,6603,1,0,1,,0,1,0,,0
760,600,230,1969-06-01,1969,6,3,605,1505.00,51517,1,0,0,1,0,1,0,0,0
761,670,690,1969-12-01,1969,12,3,690,2850.00,2080,0,0,0,1,1,1,1,0,0
762,690,670,1969-12-01,1969,12,3,670,2850.00,2080,0,0,0,1,1,1,1,0,0
763,950,200,1970-10-01,1970,10,,950,18272.00,524457,1,0,1,,0,1,0,1,0
764,955,200,1970-06-01,1970,6,,955,700.00,87406,1,0,1,,0,1,0,,0
765,93,2,1971-04-01,1971,4,3,93,6.00,2116,0,0,0,1,0,0,0,0,0
766,630,696,1971-11-01,1971,11,1,696,1.00,100,0,1,0,1,1,1,1,0,0
767,630,696,1971-11-01,1971,11,2,696,1.00,100,0,0,0,1,1,1,1,0,0
768,692,200,1971-07-01,1971,7,,692,723.00,216815,1,0,1,,0,1,0,1,0
769,694,200,1971-09-01,1971,9,,694,11000.00,160000,1,0,1,,0,1,0,1,0
770,696,696,1971-12-01,1971,12,5,696,90410.00,154656,0,0,0,1,1,1,1,,0
774,750,770,1971-12-01,1971,12,1,770,13361.00,5000000,0,1,0,1,1,1,1,0,0
775,770,750,1971-12-01,1971,12,1,750,315.00,75600,0,0,0,1,1,1,1,0,0
776,771,770,1971-12-01,1971,12,4,771,144020.00,71300000,1,1,1,,0,1,0,,0
777,91,2,1972-01-01,1972,,3,91,3.00,,0,0,0,1,0,1,0,0,0
778,678,680,1972-01-01,1972,,2,680,182.00,1000,0,0,0,1,0,1,1,0,0
779,696,696,1972-02-01,1972,2,5,696,1690.00,24482,0,0,0,1,,1,1,0,0
780,740,2,1972-05-01,1972,5,3,741,848.00,934176,1,0,0,1,0,1,0,0,0
781,750,770,1972-07-01,1972,7,3,750,179.00,,0,0,0,1,1,1,1,0,0
782,770,750,1972-07-01,1972,7,3,770,14609.00,3506160,0,0,0,1,1,1,1,0,0
783,31,200,1973-07-01,1973,7,,31,13864.00,168812,1,0,1,,0,1,0,1,0
784,620,483,1973-06-01,1973,6,1,483,78000.00,78000,0,0,0,1,1,1,1,0,0
785,666,652,1973-10-01,1973,10,1,652,780.00,15000,0,1,0,1,1,1,1,0,0
787,55,200,1974-02-01,1974,2,,55,344.00,107779,1,0,1,,0,1,0,1,0
788,404,235,1974-09-01,1974,9,,404,36125.00,487448,1,0,1,,0,1,0,1,0
789,640,352,1974-08-01,1974,8,1,352,3640.00,250000,0,1,0,1,1,1,1,0,0
790,651,666,1974-01-01,1974,1,3,651,1000.00,1000,0,0,0,1,1,1,1,0,0
791,780,750,1974-06-01,1974,6,3,750,1.00,100,0,0,0,1,1,1,1,0,0
792,115,210,1975-11-01,1975,11,,115,163265.00,414000,1,0,1,,0,1,0,1,0
793,402,235,1975-07-01,1975,7,,402,4033.00,272071,1,0,1,,0,1,0,1,0
794,403,235,1975-07-01,1975,7,,403,964.00,76430,1,0,1,,0,1,0,1,0
795,540,235,1975-11-01,1975,11,,540,1246700.00,5673046,1,1,1,,0,1,0,1,0
796,541,235,1975-06-01,1975,6,,541,784961.00,8233834,1,0,1,,0,1,0,1,0
797,581,220,1975-07-01,1975,7,,581,1862.00,252000,1,0,1,,0,1,0,1,0
798,645,670,1975-07-01,1975,7,3,670,3500.00,,0,0,0,1,1,1,1,0,0
799,651,666,1975-11-01,1975,11,3,651,20000.00,2000,0,0,0,1,1,1,1,0,0
800,670,645,1975-07-01,1975,7,3,645,3500.00,2000,0,0,0,1,1,1,1,0,0
801,816,817,1975-04-01,1975,4,1,817,174481.00,18300000,1,1,0,1,,1,1,0,1
802,910,900,1975-09-01,1975,9,,910,462840.00,2600000,1,0,1,,1,1,0,1,0
803,220,581,1976-02-01,1976,2,4,5812,374.00,38000,1,0,0,0,1,0,1,0,0
804,435,230,1976-04-01,1976,4,3,609,88667.00,,0,0,0,1,0,1,0,0,0
805,591,200,1976-06-01,1976,6,,591,404.00,59000,1,0,1,,0,1,0,1,0
806,591,200,1976-06-01,1976,6,3,5920,27.00,,0,0,0,1,0,0,0,0,0
807,600,230,1976-04-01,1976,4,3,609,177667.00,,0,0,0,1,0,1,0,0,0
808,652,666,1976-06-01,1976,6,3,652,780.00,,0,0,0,1,1,1,1,0,0
809,850,235,1976-07-01,1976,7,1,860,14984.00,610541,1,0,0,1,0,1,0,0,0
810,522,220,1977-06-01,1977,6,,522,23000.00,300000,1,0,1,,0,1,0,1,0
811,54,200,1978-11-01,1978,11,,54,728.00,78000,1,0,1,,0,1,0,1,0
812,95,2,1978-04-01,1978,4,3,96,1676.00,41800,1,0,0,1,0,1,0,0,0
813,940,200,1978-07-01,1978,7,,940,29785.00,196823,1,0,1,,0,1,0,1,0
814,947,200,1978-10-01,1978,10,,947,24.00,5887,1,0,1,,0,1,0,,0
815,56,200,1979-02-01,1979,2,,56,616.00,121000,1,0,1,,0,1,0,1,0
816,57,200,1979-10-01,1979,10,,57,389.00,120000,1,0,1,,0,1,0,,0
817,651,666,1979-05-01,1979,5,3,651,20000.00,2000,0,0,0,1,1,1,1,0,0
818,946,200,1979-07-01,1979,7,,946,572.00,57816,1,0,1,,0,1,0,,0
819,552,200,1980-04-01,1980,4,,552,390622.00,7360000,1,0,1,,0,1,0,1,0
820,600,435,1980-01-01,1980,,3,435,88667.00,100000,0,0,0,1,1,1,1,0,0
821,935,220,1980-07-01,1980,7,,935,14760.00,97468,1,0,1,,0,1,0,,0
822,100,2,1981-07-01,1981,7,3,1101,10.00,0,1,0,0,0,0,1,0,0,0
823,80,200,1981-09-01,1981,9,,80,22800.00,148300,1,0,1,,0,1,0,1,0
824,58,200,1981-11-01,1981,11,,58,440.00,77000,1,0,1,,0,1,0,1,0
825,645,,1981-12-01,1981,12,3,,3333.00,0,0,0,0,1,,1,,0,0
826,670,,1981-12-01,1981,12,3,,3333.00,0,0,0,0,1,,1,,0,0
827,60,200,1983-09-01,1983,9,,60,360.00,44500,1,0,1,,0,1,0,1,0
828,835,200,1984-01-01,1984,1,,835,5270.00,215000,1,0,1,,0,1,0,1,0
829,155,,1984-11-01,1984,11,3,,1079.00,0,0,0,0,1,,1,,0,0
830,160,,1984-11-01,1984,11,3,,1083.00,0,0,0,0,1,,1,,0,0
831,983,2,1986-10-01,1986,10,,983,181.00,40000,1,0,1,,0,1,0,0,0
832,987,2,1986-11-01,1986,11,,987,702.00,95000,1,0,1,,0,1,0,0,0
833,432,439,1986-12-01,1986,12,3,439,1553.00,65000,0,1,0,1,1,1,1,0,0
834,651,666,1989-03-01,1989,3,3,666,1.00,0,0,0,0,1,1,1,1,0,0
835,565,560,1990-03-01,1990,3,,565,823290.00,1372000,0,1,1,,1,1,0,1,0
836,679,680,1990-05-01,1990,5,5,680,329111.00,2488000,1,0,0,1,1,1,1,0,1
837,255,265,1990-10-01,1990,10,5,265,108333.00,16600000,1,0,0,1,1,1,1,0,1
838,372,365,1991-04-01,1991,4,4,372,69700.00,5500000,1,0,1,,1,1,1,1,0
839,344,345,1991-06-01,1991,6,4,344,56410.00,4763000,1,1,1,,1,1,1,1,0
840,349,345,1991-06-01,1991,6,4,349,20256.00,1974000,1,1,1,,1,1,1,1,0
841,359,365,1991-08-01,1991,8,4,359,33700.00,4350000,1,0,1,,1,1,1,1,0
842,370,365,1991-08-01,1991,8,4,370,207600.00,10200000,1,0,1,,1,1,1,1,0
843,373,365,1991-08-01,1991,8,4,373,86600.00,7200000,1,0,1,,1,1,1,1,0
844,703,365,1991-08-01,1991,8,4,703,198500.00,4375000,1,0,1,,1,1,1,1,0
845,704,365,1991-08-01,1991,8,4,704,447400.00,20300000,1,0,1,,1,1,1,1,0
846,366,365,1991-09-01,1991,9,4,366,45227.00,1581000,1,0,1,,1,1,1,1,0
847,367,365,1991-09-01,1991,9,4,367,64610.00,2600000,1,0,1,,1,1,1,1,0
848,368,365,1991-09-01,1991,9,4,368,65301.00,3754000,1,0,1,,1,1,1,1,0
849,371,365,1991-09-01,1991,9,4,371,28400.00,3450000,1,0,1,,1,1,1,1,0
850,702,365,1991-09-01,1991,9,4,702,143100.00,5250000,1,0,1,,1,1,1,1,0
851,701,365,1991-10-01,1991,10,4,701,488100.00,3600000,1,0,1,,1,1,1,1,0
852,343,345,1993-04-01,1993,4,4,343,24856.00,2109000,1,0,1,,1,1,1,1,0
853,369,365,1991-12-01,1991,12,4,369,603700.00,52000000,1,0,1,,1,1,1,1,0
854,705,365,1991-12-01,1991,12,4,705,2717300.00,16700000,1,0,1,,1,1,1,1,0
855,346,345,1992-04-01,1992,4,4,346,51107.00,4455000,1,1,1,,1,1,1,1,0
856,92,,1992-09-01,1992,9,3,,147.00,36000,0,0,0,1,,1,,0,0
857,91,,1992-09-01,1992,9,3,,293.00,13000,0,0,0,1,,1,,0,0
858,679,698,1992-10-01,1992,10,3,698,1875.00,0,0,0,0,1,1,1,1,0,0
859,698,679,1992-10-01,1992,10,3,679,1250.00,0,0,0,0,1,1,1,1,0,0
860,771,750,1992-06-01,1992,6,3,7712,1.00,20,1,0,0,1,1,1,1,0,0
861,316,315,1993-01-01,1993,1,4,316,79228.00,10300000,1,0,1,,1,1,1,1,1
862,317,315,1993-01-01,1993,1,4,317,48666.00,5200000,1,0,1,,1,1,1,1,1
863,531,530,1993-04-01,1993,4,4,531,124993.00,3000000,1,1,1,,1,1,1,1,0
864,690,645,1993-05-01,1993,5,3,645,,0,0,0,0,1,1,1,1,0,0
865,565,560,1994-03-01,1994,3,3,5651,1124.00,30000,1,0,0,1,0,1,0,0,0
866,986,2,1994-10-01,1994,10,,980,487.00,15600,0,0,1,,0,1,0,1,0
867,663,666,1995-02-01,1995,2,3,666,340.00,0,0,0,0,1,1,1,1,0,0
868,710,365,1996-04-01,1996,4,3,365,18.00,0,0,0,0,1,1,1,1,0,0
869,316,317,1997-06-01,1997,6,3,317,4.52,31,0,0,0,1,1,1,1,0,0
870,317,316,1997-06-01,1997,6,3,316,4.52,120,0,0,0,1,1,1,1,0,0
871,710,200,1997-07-01,1997,7,3,720,1084.00,6700000,1,0,0,1,0,1,0,0,0
872,710,705,1998-07-01,1998,7,3,705,470.00,,0,0,0,1,1,1,1,0,0
873,369,359,1998-08-01,1998,8,3,359,1.00,0,0,0,0,1,1,1,1,0,0
874,359,369,1998-08-01,1998,8,3,369,1.00,0,0,0,0,1,1,1,1,0,0
875,365,366,1999-03-01,1999,3,3,366,30.00,0,0,0,0,1,1,1,1,0,0
876,366,365,1999-03-01,1999,3,3,365,30.00,0,0,0,0,1,1,1,1,0,0
877,1,850,1999-10-01,1999,10,3,860,14926.00,780000,1,1,0,,1,,1,0,0
878,710,235,1999-12-01,1999,12,3,721,21.45,447000,1,0,0,1,0,1,0,0,0
879,571,,1991-01-01,1991,,1,,5.00,0,0,0,0,1,,1,,0,0
880,651,625,2000-01-01,2000,1,1,625,20580.00,5000,0,0,0,1,1,1,1,0,0
881,860,1,2002-05-01,2002,5,,860,14926.00,950000,1,0,1,,,1,,1,0
882,475,471,2003-12-01,2003,12,3,471,,,0,0,0,1,1,1,1,0,0
883,471,475,2003-12-01,2003,12,3,475,,,0,0,0,1,1,1,1,0,0
884,679,670,2004-07-01,2004,7,3,670,40000.00,,0,1,0,1,1,1,1,0,0
885,348,345,2006-06-01,2006,6,4,348,13812.00,650000,1,0,1,,1,1,1,1,0
886,471,475,2008-08-01,2008,8,3,475,665.00,300000,0,1,0,1,1,1,1,0,0
887,710,365,2008-10-01,2008,10,3,365,174.00,0,0,0,0,1,1,1,1,0,0
888,710,702,2011-01-01,2011,1,3,702,1142.00,,0,0,0,1,1,1,1,0,0
889,626,625,2011-07-01,2011,7,,626,619745,8260000,1,1,1,,1,1,1,1,0
890,365,369,2014-03-01,2014,3,1,369,27000.00,2400000,1,1,0,1,1,1,1,0,0
